run_id,task,profile,step_id,command,status,exit_code,duration_seconds,known_blocker_id,stdout_log,stderr_log,result_path
20260505T081557Z-705d19de,pipeline-bootstrap,test,noop,"python3 -c 'print(""hello"")'",passed,0,0.13,,.build/anigma-pipeline/runs/pipeline-bootstrap/20260505T081557Z-705d19de/logs/noop.stdout.log,.build/anigma-pipeline/runs/pipeline-bootstrap/20260505T081557Z-705d19de/logs/noop.stderr.log,.build/anigma-pipeline/runs/pipeline-bootstrap/20260505T081557Z-705d19de/step-results/noop.json
20260505T081557Z-a033000f,pipeline-bootstrap,local-fast,py-compile,python3 -m py_compile scripts/anigma_pipeline.py scripts/anigma_validate_scope.py scripts/anigma_result_contract.py scripts/anigma_common/*.py,failed,1,0.009,,.build/anigma-pipeline/runs/pipeline-bootstrap/20260505T081557Z-a033000f/logs/py-compile.stdout.log,.build/anigma-pipeline/runs/pipeline-bootstrap/20260505T081557Z-a033000f/logs/py-compile.stderr.log,.build/anigma-pipeline/runs/pipeline-bootstrap/20260505T081557Z-a033000f/step-results/py-compile.json
20260505T081558Z-8d37c65a,td-cleanup-004,daemon-runtime,executable-advisory,python3 scripts/anigma_executable_consolidation_audit.py --mode advisory --focus anigmad --json-out .build/anigma-executable-consolidation-audit.json,failed,2,0.039,,.build/anigma-pipeline/runs/td-cleanup-004/20260505T081558Z-8d37c65a/logs/executable-advisory.stdout.log,.build/anigma-pipeline/runs/td-cleanup-004/20260505T081558Z-8d37c65a/logs/executable-advisory.stderr.log,.build/anigma-pipeline/runs/td-cleanup-004/20260505T081558Z-8d37c65a/step-results/executable-advisory.json
20260505T081558Z-c77e46b1,td-cleanup-004,daemon-runtime,executable-advisory,python3 scripts/anigma_executable_consolidation_audit.py --mode advisory --focus anigmad --json-out .build/anigma-executable-consolidation-audit.json,failed,2,0.037,,.build/anigma-pipeline/runs/td-cleanup-004/20260505T081558Z-c77e46b1/logs/executable-advisory.stdout.log,.build/anigma-pipeline/runs/td-cleanup-004/20260505T081558Z-c77e46b1/logs/executable-advisory.stderr.log,.build/anigma-pipeline/runs/td-cleanup-004/20260505T081558Z-c77e46b1/step-results/executable-advisory.json
20260505T081614Z-45cf4dc2,pipeline-bootstrap,local-fast,py-compile,python3 -m py_compile scripts/anigma_pipeline.py scripts/anigma_validate_scope.py scripts/anigma_result_contract.py scripts/anigma_common/*.py,failed,1,0.013,,.build/anigma-pipeline/runs/pipeline-bootstrap/20260505T081614Z-45cf4dc2/logs/py-compile.stdout.log,.build/anigma-pipeline/runs/pipeline-bootstrap/20260505T081614Z-45cf4dc2/logs/py-compile.stderr.log,.build/anigma-pipeline/runs/pipeline-bootstrap/20260505T081614Z-45cf4dc2/step-results/py-compile.json
20260505T081614Z-7cd6126a,td-cleanup-004,daemon-runtime,executable-advisory,python3 scripts/anigma_executable_consolidation_audit.py --mode advisory --focus anigmad --json-out .build/anigma-executable-consolidation-audit.json,failed,2,0.114,,.build/anigma-pipeline/runs/td-cleanup-004/20260505T081614Z-7cd6126a/logs/executable-advisory.stdout.log,.build/anigma-pipeline/runs/td-cleanup-004/20260505T081614Z-7cd6126a/logs/executable-advisory.stderr.log,.build/anigma-pipeline/runs/td-cleanup-004/20260505T081614Z-7cd6126a/step-results/executable-advisory.json
20260505T081644Z-280dd78c,td-cleanup-004,daemon-runtime,atlas-build,python3 scripts/anigma_build_repo_atlas.py,passed,0,17.707,,.build/anigma-pipeline/runs/td-cleanup-004/20260505T081644Z-280dd78c/logs/atlas-build.stdout.log,.build/anigma-pipeline/runs/td-cleanup-004/20260505T081644Z-280dd78c/logs/atlas-build.stderr.log,.build/anigma-pipeline/runs/td-cleanup-004/20260505T081644Z-280dd78c/step-results/atlas-build.json
20260505T081644Z-280dd78c,td-cleanup-004,daemon-runtime,context-query,python3 scripts/anigma_context_query.py --risk daemon_ipc_binding --target AnigmaDaemonCore --limit 10,passed,0,0.626,,.build/anigma-pipeline/runs/td-cleanup-004/20260505T081644Z-280dd78c/logs/context-query.stdout.log,.build/anigma-pipeline/runs/td-cleanup-004/20260505T081644Z-280dd78c/logs/context-query.stderr.log,.build/anigma-pipeline/runs/td-cleanup-004/20260505T081644Z-280dd78c/step-results/context-query.json
20260505T081644Z-280dd78c,td-cleanup-004,daemon-runtime,executable-advisory,python3 scripts/anigma_executable_consolidation_audit.py --mode advisory --focus anigmad --json-out .build/anigma-executable-consolidation-audit.json,passed,0,2.588,,.build/anigma-pipeline/runs/td-cleanup-004/20260505T081644Z-280dd78c/logs/executable-advisory.stdout.log,.build/anigma-pipeline/runs/td-cleanup-004/20260505T081644Z-280dd78c/logs/executable-advisory.stderr.log,.build/anigma-pipeline/runs/td-cleanup-004/20260505T081644Z-280dd78c/step-results/executable-advisory.json
20260505T081644Z-39d98572,td-cleanup-004,cleanup-review,atlas-build,python3 scripts/anigma_build_repo_atlas.py,passed,0,10.922,,.build/anigma-pipeline/runs/td-cleanup-004/20260505T081644Z-39d98572/logs/atlas-build.stdout.log,.build/anigma-pipeline/runs/td-cleanup-004/20260505T081644Z-39d98572/logs/atlas-build.stderr.log,.build/anigma-pipeline/runs/td-cleanup-004/20260505T081644Z-39d98572/step-results/atlas-build.json
20260505T081644Z-39d98572,td-cleanup-004,cleanup-review,atlas-check,python3 scripts/anigma_context_query.py --check,passed,0,0.336,,.build/anigma-pipeline/runs/td-cleanup-004/20260505T081644Z-39d98572/logs/atlas-check.stdout.log,.build/anigma-pipeline/runs/td-cleanup-004/20260505T081644Z-39d98572/logs/atlas-check.stderr.log,.build/anigma-pipeline/runs/td-cleanup-004/20260505T081644Z-39d98572/step-results/atlas-check.json
20260505T081644Z-39d98572,td-cleanup-004,cleanup-review,dead-code-gate,python3 scripts/anigma_dead_code_audit.py --mode gate --baseline Docs/baselines/dead-code-baseline.json,passed,0,25.401,,.build/anigma-pipeline/runs/td-cleanup-004/20260505T081644Z-39d98572/logs/dead-code-gate.stdout.log,.build/anigma-pipeline/runs/td-cleanup-004/20260505T081644Z-39d98572/logs/dead-code-gate.stderr.log,.build/anigma-pipeline/runs/td-cleanup-004/20260505T081644Z-39d98572/step-results/dead-code-gate.json
20260505T081644Z-39d98572,td-cleanup-004,cleanup-review,executable-gate,python3 scripts/anigma_executable_consolidation_audit.py --mode gate --baseline Docs/baselines/executable-consolidation-baseline.json --focus anigmad,passed,0,1.931,,.build/anigma-pipeline/runs/td-cleanup-004/20260505T081644Z-39d98572/logs/executable-gate.stdout.log,.build/anigma-pipeline/runs/td-cleanup-004/20260505T081644Z-39d98572/logs/executable-gate.stderr.log,.build/anigma-pipeline/runs/td-cleanup-004/20260505T081644Z-39d98572/step-results/executable-gate.json
20260505T081644Z-39d98572,td-cleanup-004,cleanup-review,scope-check,python3 scripts/anigma_validate_scope.py --task td-cleanup-004 --allowed-path scripts --allowed-path Docs --allow-empty,failed,1,0.204,,.build/anigma-pipeline/runs/td-cleanup-004/20260505T081644Z-39d98572/logs/scope-check.stdout.log,.build/anigma-pipeline/runs/td-cleanup-004/20260505T081644Z-39d98572/logs/scope-check.stderr.log,.build/anigma-pipeline/runs/td-cleanup-004/20260505T081644Z-39d98572/step-results/scope-check.json
20260505T081644Z-a283c5e0,pipeline-bootstrap,local-fast,atlas-check,python3 scripts/anigma_context_query.py --check,passed,0,0.383,,.build/anigma-pipeline/runs/pipeline-bootstrap/20260505T081644Z-a283c5e0/logs/atlas-check.stdout.log,.build/anigma-pipeline/runs/pipeline-bootstrap/20260505T081644Z-a283c5e0/logs/atlas-check.stderr.log,.build/anigma-pipeline/runs/pipeline-bootstrap/20260505T081644Z-a283c5e0/step-results/atlas-check.json
20260505T081644Z-a283c5e0,pipeline-bootstrap,local-fast,py-compile,python3 -m py_compile scripts/anigma_pipeline.py scripts/anigma_validate_scope.py scripts/anigma_result_contract.py scripts/anigma_common/*.py,passed,0,0.135,,.build/anigma-pipeline/runs/pipeline-bootstrap/20260505T081644Z-a283c5e0/logs/py-compile.stdout.log,.build/anigma-pipeline/runs/pipeline-bootstrap/20260505T081644Z-a283c5e0/logs/py-compile.stderr.log,.build/anigma-pipeline/runs/pipeline-bootstrap/20260505T081644Z-a283c5e0/step-results/py-compile.json
20260505T081644Z-a283c5e0,pipeline-bootstrap,local-fast,task-brief-tests,python3 scripts/test_task_brief_generator.py,passed,0,0.522,,.build/anigma-pipeline/runs/pipeline-bootstrap/20260505T081644Z-a283c5e0/logs/task-brief-tests.stdout.log,.build/anigma-pipeline/runs/pipeline-bootstrap/20260505T081644Z-a283c5e0/logs/task-brief-tests.stderr.log,.build/anigma-pipeline/runs/pipeline-bootstrap/20260505T081644Z-a283c5e0/step-results/task-brief-tests.json
20260505T081644Z-af9c4fd3,pipeline-bootstrap,test,noop,"python3 -c 'print(""hello"")'",passed,0,0.088,,.build/anigma-pipeline/runs/pipeline-bootstrap/20260505T081644Z-af9c4fd3/logs/noop.stdout.log,.build/anigma-pipeline/runs/pipeline-bootstrap/20260505T081644Z-af9c4fd3/logs/noop.stderr.log,.build/anigma-pipeline/runs/pipeline-bootstrap/20260505T081644Z-af9c4fd3/step-results/noop.json
20260505T081645Z-69589947,td-cleanup-004,daemon-runtime,atlas-build,python3 scripts/anigma_build_repo_atlas.py,passed,0,22.703,,.build/anigma-pipeline/runs/td-cleanup-004/20260505T081645Z-69589947/logs/atlas-build.stdout.log,.build/anigma-pipeline/runs/td-cleanup-004/20260505T081645Z-69589947/logs/atlas-build.stderr.log,.build/anigma-pipeline/runs/td-cleanup-004/20260505T081645Z-69589947/step-results/atlas-build.json
20260505T081645Z-69589947,td-cleanup-004,daemon-runtime,context-query,python3 scripts/anigma_context_query.py --risk daemon_ipc_binding --target AnigmaDaemonCore --limit 10,passed,0,0.631,,.build/anigma-pipeline/runs/td-cleanup-004/20260505T081645Z-69589947/logs/context-query.stdout.log,.build/anigma-pipeline/runs/td-cleanup-004/20260505T081645Z-69589947/logs/context-query.stderr.log,.build/anigma-pipeline/runs/td-cleanup-004/20260505T081645Z-69589947/step-results/context-query.json
20260505T081645Z-69589947,td-cleanup-004,daemon-runtime,executable-advisory,python3 scripts/anigma_executable_consolidation_audit.py --mode advisory --focus anigmad --json-out .build/anigma-executable-consolidation-audit.json,passed,0,2.259,,.build/anigma-pipeline/runs/td-cleanup-004/20260505T081645Z-69589947/logs/executable-advisory.stdout.log,.build/anigma-pipeline/runs/td-cleanup-004/20260505T081645Z-69589947/logs/executable-advisory.stderr.log,.build/anigma-pipeline/runs/td-cleanup-004/20260505T081645Z-69589947/step-results/executable-advisory.json
20260505T081710Z-a455d246,td-cleanup-004,daemon-runtime,atlas-build,python3 scripts/anigma_build_repo_atlas.py,passed,0,9.859,,.build/anigma-pipeline/runs/td-cleanup-004/20260505T081710Z-a455d246/logs/atlas-build.stdout.log,.build/anigma-pipeline/runs/td-cleanup-004/20260505T081710Z-a455d246/logs/atlas-build.stderr.log,.build/anigma-pipeline/runs/td-cleanup-004/20260505T081710Z-a455d246/step-results/atlas-build.json
20260505T081710Z-a455d246,td-cleanup-004,daemon-runtime,context-query,python3 scripts/anigma_context_query.py --risk daemon_ipc_binding --target AnigmaDaemonCore --limit 10,passed,0,0.626,,.build/anigma-pipeline/runs/td-cleanup-004/20260505T081710Z-a455d246/logs/context-query.stdout.log,.build/anigma-pipeline/runs/td-cleanup-004/20260505T081710Z-a455d246/logs/context-query.stderr.log,.build/anigma-pipeline/runs/td-cleanup-004/20260505T081710Z-a455d246/step-results/context-query.json
20260505T081710Z-a455d246,td-cleanup-004,daemon-runtime,executable-advisory,python3 scripts/anigma_executable_consolidation_audit.py --mode advisory --focus anigmad --json-out .build/anigma-executable-consolidation-audit.json,passed,0,1.762,,.build/anigma-pipeline/runs/td-cleanup-004/20260505T081710Z-a455d246/logs/executable-advisory.stdout.log,.build/anigma-pipeline/runs/td-cleanup-004/20260505T081710Z-a455d246/logs/executable-advisory.stderr.log,.build/anigma-pipeline/runs/td-cleanup-004/20260505T081710Z-a455d246/step-results/executable-advisory.json
20260505T082110Z-c3b790fc,git-hygiene-bootstrap,local-fast,atlas-check,python3 scripts/anigma_context_query.py --check,passed,0,0.256,,.build/anigma-pipeline/runs/git-hygiene-bootstrap/20260505T082110Z-c3b790fc/logs/atlas-check.stdout.log,.build/anigma-pipeline/runs/git-hygiene-bootstrap/20260505T082110Z-c3b790fc/logs/atlas-check.stderr.log,.build/anigma-pipeline/runs/git-hygiene-bootstrap/20260505T082110Z-c3b790fc/step-results/atlas-check.json
20260505T082110Z-c3b790fc,git-hygiene-bootstrap,local-fast,git-hygiene-status,python3 scripts/anigma_git_hygiene.py status,passed,0,1.051,,.build/anigma-pipeline/runs/git-hygiene-bootstrap/20260505T082110Z-c3b790fc/logs/git-hygiene-status.stdout.log,.build/anigma-pipeline/runs/git-hygiene-bootstrap/20260505T082110Z-c3b790fc/logs/git-hygiene-status.stderr.log,.build/anigma-pipeline/runs/git-hygiene-bootstrap/20260505T082110Z-c3b790fc/step-results/git-hygiene-status.json
20260505T082110Z-c3b790fc,git-hygiene-bootstrap,local-fast,py-compile,python3 -m py_compile scripts/anigma_pipeline.py scripts/anigma_validate_scope.py scripts/anigma_result_contract.py scripts/anigma_common/*.py,passed,0,0.074,,.build/anigma-pipeline/runs/git-hygiene-bootstrap/20260505T082110Z-c3b790fc/logs/py-compile.stdout.log,.build/anigma-pipeline/runs/git-hygiene-bootstrap/20260505T082110Z-c3b790fc/logs/py-compile.stderr.log,.build/anigma-pipeline/runs/git-hygiene-bootstrap/20260505T082110Z-c3b790fc/step-results/py-compile.json
20260505T082110Z-c3b790fc,git-hygiene-bootstrap,local-fast,task-brief-tests,python3 scripts/test_task_brief_generator.py,passed,0,0.398,,.build/anigma-pipeline/runs/git-hygiene-bootstrap/20260505T082110Z-c3b790fc/logs/task-brief-tests.stdout.log,.build/anigma-pipeline/runs/git-hygiene-bootstrap/20260505T082110Z-c3b790fc/logs/task-brief-tests.stderr.log,.build/anigma-pipeline/runs/git-hygiene-bootstrap/20260505T082110Z-c3b790fc/step-results/task-brief-tests.json
20260505T082134Z-d2d578da,git-hygiene-bootstrap,local-fast,atlas-check,python3 scripts/anigma_context_query.py --check,passed,0,0.313,,.build/anigma-pipeline/runs/git-hygiene-bootstrap/20260505T082134Z-d2d578da/logs/atlas-check.stdout.log,.build/anigma-pipeline/runs/git-hygiene-bootstrap/20260505T082134Z-d2d578da/logs/atlas-check.stderr.log,.build/anigma-pipeline/runs/git-hygiene-bootstrap/20260505T082134Z-d2d578da/step-results/atlas-check.json
20260505T082134Z-d2d578da,git-hygiene-bootstrap,local-fast,git-hygiene-status,python3 scripts/anigma_git_hygiene.py status,passed,0,0.992,,.build/anigma-pipeline/runs/git-hygiene-bootstrap/20260505T082134Z-d2d578da/logs/git-hygiene-status.stdout.log,.build/anigma-pipeline/runs/git-hygiene-bootstrap/20260505T082134Z-d2d578da/logs/git-hygiene-status.stderr.log,.build/anigma-pipeline/runs/git-hygiene-bootstrap/20260505T082134Z-d2d578da/step-results/git-hygiene-status.json
20260505T082134Z-d2d578da,git-hygiene-bootstrap,local-fast,py-compile,python3 -m py_compile scripts/anigma_pipeline.py scripts/anigma_validate_scope.py scripts/anigma_result_contract.py scripts/anigma_common/*.py,passed,0,0.1,,.build/anigma-pipeline/runs/git-hygiene-bootstrap/20260505T082134Z-d2d578da/logs/py-compile.stdout.log,.build/anigma-pipeline/runs/git-hygiene-bootstrap/20260505T082134Z-d2d578da/logs/py-compile.stderr.log,.build/anigma-pipeline/runs/git-hygiene-bootstrap/20260505T082134Z-d2d578da/step-results/py-compile.json
20260505T082134Z-d2d578da,git-hygiene-bootstrap,local-fast,task-brief-tests,python3 scripts/test_task_brief_generator.py,passed,0,0.507,,.build/anigma-pipeline/runs/git-hygiene-bootstrap/20260505T082134Z-d2d578da/logs/task-brief-tests.stdout.log,.build/anigma-pipeline/runs/git-hygiene-bootstrap/20260505T082134Z-d2d578da/logs/task-brief-tests.stderr.log,.build/anigma-pipeline/runs/git-hygiene-bootstrap/20260505T082134Z-d2d578da/step-results/task-brief-tests.json
20260505T082225Z-a970de6e,git-hygiene-bootstrap,local-fast,atlas-check,python3 scripts/anigma_context_query.py --check,passed,0,0.299,,.build/anigma-pipeline/runs/git-hygiene-bootstrap/20260505T082225Z-a970de6e/logs/atlas-check.stdout.log,.build/anigma-pipeline/runs/git-hygiene-bootstrap/20260505T082225Z-a970de6e/logs/atlas-check.stderr.log,.build/anigma-pipeline/runs/git-hygiene-bootstrap/20260505T082225Z-a970de6e/step-results/atlas-check.json
20260505T082225Z-a970de6e,git-hygiene-bootstrap,local-fast,git-hygiene-status,python3 scripts/anigma_git_hygiene.py status,passed,0,0.943,,.build/anigma-pipeline/runs/git-hygiene-bootstrap/20260505T082225Z-a970de6e/logs/git-hygiene-status.stdout.log,.build/anigma-pipeline/runs/git-hygiene-bootstrap/20260505T082225Z-a970de6e/logs/git-hygiene-status.stderr.log,.build/anigma-pipeline/runs/git-hygiene-bootstrap/20260505T082225Z-a970de6e/step-results/git-hygiene-status.json
20260505T082225Z-a970de6e,git-hygiene-bootstrap,local-fast,py-compile,python3 -m py_compile scripts/anigma_pipeline.py scripts/anigma_validate_scope.py scripts/anigma_result_contract.py scripts/anigma_common/*.py,passed,0,0.1,,.build/anigma-pipeline/runs/git-hygiene-bootstrap/20260505T082225Z-a970de6e/logs/py-compile.stdout.log,.build/anigma-pipeline/runs/git-hygiene-bootstrap/20260505T082225Z-a970de6e/logs/py-compile.stderr.log,.build/anigma-pipeline/runs/git-hygiene-bootstrap/20260505T082225Z-a970de6e/step-results/py-compile.json
20260505T082225Z-a970de6e,git-hygiene-bootstrap,local-fast,task-brief-tests,python3 scripts/test_task_brief_generator.py,passed,0,0.488,,.build/anigma-pipeline/runs/git-hygiene-bootstrap/20260505T082225Z-a970de6e/logs/task-brief-tests.stdout.log,.build/anigma-pipeline/runs/git-hygiene-bootstrap/20260505T082225Z-a970de6e/logs/task-brief-tests.stderr.log,.build/anigma-pipeline/runs/git-hygiene-bootstrap/20260505T082225Z-a970de6e/step-results/task-brief-tests.json
20260505T082916Z-846c7e93,review-bundle-bootstrap,local-fast,atlas-check,python3 scripts/anigma_context_query.py --check,passed,0,0.252,,.build/anigma-pipeline/runs/review-bundle-bootstrap/20260505T082916Z-846c7e93/logs/atlas-check.stdout.log,.build/anigma-pipeline/runs/review-bundle-bootstrap/20260505T082916Z-846c7e93/logs/atlas-check.stderr.log,.build/anigma-pipeline/runs/review-bundle-bootstrap/20260505T082916Z-846c7e93/step-results/atlas-check.json
20260505T082916Z-846c7e93,review-bundle-bootstrap,local-fast,git-hygiene-status,python3 scripts/anigma_git_hygiene.py status,passed,0,0.484,,.build/anigma-pipeline/runs/review-bundle-bootstrap/20260505T082916Z-846c7e93/logs/git-hygiene-status.stdout.log,.build/anigma-pipeline/runs/review-bundle-bootstrap/20260505T082916Z-846c7e93/logs/git-hygiene-status.stderr.log,.build/anigma-pipeline/runs/review-bundle-bootstrap/20260505T082916Z-846c7e93/step-results/git-hygiene-status.json
20260505T082916Z-846c7e93,review-bundle-bootstrap,local-fast,py-compile,python3 -m py_compile scripts/anigma_pipeline.py scripts/anigma_validate_scope.py scripts/anigma_result_contract.py scripts/anigma_common/*.py,passed,0,0.069,,.build/anigma-pipeline/runs/review-bundle-bootstrap/20260505T082916Z-846c7e93/logs/py-compile.stdout.log,.build/anigma-pipeline/runs/review-bundle-bootstrap/20260505T082916Z-846c7e93/logs/py-compile.stderr.log,.build/anigma-pipeline/runs/review-bundle-bootstrap/20260505T082916Z-846c7e93/step-results/py-compile.json
20260505T082916Z-846c7e93,review-bundle-bootstrap,local-fast,task-brief-tests,python3 scripts/test_task_brief_generator.py,passed,0,0.571,,.build/anigma-pipeline/runs/review-bundle-bootstrap/20260505T082916Z-846c7e93/logs/task-brief-tests.stdout.log,.build/anigma-pipeline/runs/review-bundle-bootstrap/20260505T082916Z-846c7e93/logs/task-brief-tests.stderr.log,.build/anigma-pipeline/runs/review-bundle-bootstrap/20260505T082916Z-846c7e93/step-results/task-brief-tests.json
20260505T082916Z-93061021,review-bundle-bootstrap,local-fast,atlas-check,python3 scripts/anigma_context_query.py --check,passed,0,0.263,,.build/anigma-pipeline/runs/review-bundle-bootstrap/20260505T082916Z-93061021/logs/atlas-check.stdout.log,.build/anigma-pipeline/runs/review-bundle-bootstrap/20260505T082916Z-93061021/logs/atlas-check.stderr.log,.build/anigma-pipeline/runs/review-bundle-bootstrap/20260505T082916Z-93061021/step-results/atlas-check.json
20260505T082916Z-93061021,review-bundle-bootstrap,local-fast,git-hygiene-status,python3 scripts/anigma_git_hygiene.py status,passed,0,0.551,,.build/anigma-pipeline/runs/review-bundle-bootstrap/20260505T082916Z-93061021/logs/git-hygiene-status.stdout.log,.build/anigma-pipeline/runs/review-bundle-bootstrap/20260505T082916Z-93061021/logs/git-hygiene-status.stderr.log,.build/anigma-pipeline/runs/review-bundle-bootstrap/20260505T082916Z-93061021/step-results/git-hygiene-status.json
20260505T082916Z-93061021,review-bundle-bootstrap,local-fast,py-compile,python3 -m py_compile scripts/anigma_pipeline.py scripts/anigma_validate_scope.py scripts/anigma_result_contract.py scripts/anigma_common/*.py,passed,0,0.066,,.build/anigma-pipeline/runs/review-bundle-bootstrap/20260505T082916Z-93061021/logs/py-compile.stdout.log,.build/anigma-pipeline/runs/review-bundle-bootstrap/20260505T082916Z-93061021/logs/py-compile.stderr.log,.build/anigma-pipeline/runs/review-bundle-bootstrap/20260505T082916Z-93061021/step-results/py-compile.json
20260505T082916Z-93061021,review-bundle-bootstrap,local-fast,task-brief-tests,python3 scripts/test_task_brief_generator.py,passed,0,0.552,,.build/anigma-pipeline/runs/review-bundle-bootstrap/20260505T082916Z-93061021/logs/task-brief-tests.stdout.log,.build/anigma-pipeline/runs/review-bundle-bootstrap/20260505T082916Z-93061021/logs/task-brief-tests.stderr.log,.build/anigma-pipeline/runs/review-bundle-bootstrap/20260505T082916Z-93061021/step-results/task-brief-tests.json
20260505T082919Z-492e8280,td-cleanup-004,daemon-runtime,atlas-build,python3 scripts/anigma_build_repo_atlas.py,passed,0,9.259,,.build/anigma-pipeline/runs/td-cleanup-004/20260505T082919Z-492e8280/logs/atlas-build.stdout.log,.build/anigma-pipeline/runs/td-cleanup-004/20260505T082919Z-492e8280/logs/atlas-build.stderr.log,.build/anigma-pipeline/runs/td-cleanup-004/20260505T082919Z-492e8280/step-results/atlas-build.json
20260505T082919Z-492e8280,td-cleanup-004,daemon-runtime,context-query,python3 scripts/anigma_context_query.py --risk daemon_ipc_binding --target AnigmaDaemonCore --limit 10,passed,0,0.426,,.build/anigma-pipeline/runs/td-cleanup-004/20260505T082919Z-492e8280/logs/context-query.stdout.log,.build/anigma-pipeline/runs/td-cleanup-004/20260505T082919Z-492e8280/logs/context-query.stderr.log,.build/anigma-pipeline/runs/td-cleanup-004/20260505T082919Z-492e8280/step-results/context-query.json
20260505T082919Z-492e8280,td-cleanup-004,daemon-runtime,executable-advisory,python3 scripts/anigma_executable_consolidation_audit.py --mode advisory --focus anigmad --json-out .build/anigma-executable-consolidation-audit.json,passed,0,2.197,,.build/anigma-pipeline/runs/td-cleanup-004/20260505T082919Z-492e8280/logs/executable-advisory.stdout.log,.build/anigma-pipeline/runs/td-cleanup-004/20260505T082919Z-492e8280/logs/executable-advisory.stderr.log,.build/anigma-pipeline/runs/td-cleanup-004/20260505T082919Z-492e8280/step-results/executable-advisory.json
20260505T082919Z-6bc01bff,pipeline-bootstrap,test,noop,"python3 -c 'print(""hello"")'",passed,0,0.033,,.build/anigma-pipeline/runs/pipeline-bootstrap/20260505T082919Z-6bc01bff/logs/noop.stdout.log,.build/anigma-pipeline/runs/pipeline-bootstrap/20260505T082919Z-6bc01bff/logs/noop.stderr.log,.build/anigma-pipeline/runs/pipeline-bootstrap/20260505T082919Z-6bc01bff/step-results/noop.json
20260505T082932Z-1d856389,td-cleanup-004,daemon-runtime,atlas-build,python3 scripts/anigma_build_repo_atlas.py,passed,0,8.862,,.build/anigma-pipeline/runs/td-cleanup-004/20260505T082932Z-1d856389/logs/atlas-build.stdout.log,.build/anigma-pipeline/runs/td-cleanup-004/20260505T082932Z-1d856389/logs/atlas-build.stderr.log,.build/anigma-pipeline/runs/td-cleanup-004/20260505T082932Z-1d856389/step-results/atlas-build.json
20260505T082932Z-1d856389,td-cleanup-004,daemon-runtime,context-query,python3 scripts/anigma_context_query.py --risk daemon_ipc_binding --target AnigmaDaemonCore --limit 10,passed,0,0.402,,.build/anigma-pipeline/runs/td-cleanup-004/20260505T082932Z-1d856389/logs/context-query.stdout.log,.build/anigma-pipeline/runs/td-cleanup-004/20260505T082932Z-1d856389/logs/context-query.stderr.log,.build/anigma-pipeline/runs/td-cleanup-004/20260505T082932Z-1d856389/step-results/context-query.json
20260505T082932Z-1d856389,td-cleanup-004,daemon-runtime,executable-advisory,python3 scripts/anigma_executable_consolidation_audit.py --mode advisory --focus anigmad --json-out .build/anigma-executable-consolidation-audit.json,passed,0,1.642,,.build/anigma-pipeline/runs/td-cleanup-004/20260505T082932Z-1d856389/logs/executable-advisory.stdout.log,.build/anigma-pipeline/runs/td-cleanup-004/20260505T082932Z-1d856389/logs/executable-advisory.stderr.log,.build/anigma-pipeline/runs/td-cleanup-004/20260505T082932Z-1d856389/step-results/executable-advisory.json
20260505T082950Z-a63916dc,review-bundle-bootstrap,local-fast,atlas-check,python3 scripts/anigma_context_query.py --check,passed,0,0.222,,.build/anigma-pipeline/runs/review-bundle-bootstrap/20260505T082950Z-a63916dc/logs/atlas-check.stdout.log,.build/anigma-pipeline/runs/review-bundle-bootstrap/20260505T082950Z-a63916dc/logs/atlas-check.stderr.log,.build/anigma-pipeline/runs/review-bundle-bootstrap/20260505T082950Z-a63916dc/step-results/atlas-check.json
20260505T082950Z-a63916dc,review-bundle-bootstrap,local-fast,git-hygiene-status,python3 scripts/anigma_git_hygiene.py status,passed,0,0.531,,.build/anigma-pipeline/runs/review-bundle-bootstrap/20260505T082950Z-a63916dc/logs/git-hygiene-status.stdout.log,.build/anigma-pipeline/runs/review-bundle-bootstrap/20260505T082950Z-a63916dc/logs/git-hygiene-status.stderr.log,.build/anigma-pipeline/runs/review-bundle-bootstrap/20260505T082950Z-a63916dc/step-results/git-hygiene-status.json
20260505T082950Z-a63916dc,review-bundle-bootstrap,local-fast,py-compile,python3 -m py_compile scripts/anigma_pipeline.py scripts/anigma_validate_scope.py scripts/anigma_result_contract.py scripts/anigma_common/*.py,passed,0,0.071,,.build/anigma-pipeline/runs/review-bundle-bootstrap/20260505T082950Z-a63916dc/logs/py-compile.stdout.log,.build/anigma-pipeline/runs/review-bundle-bootstrap/20260505T082950Z-a63916dc/logs/py-compile.stderr.log,.build/anigma-pipeline/runs/review-bundle-bootstrap/20260505T082950Z-a63916dc/step-results/py-compile.json
20260505T082950Z-a63916dc,review-bundle-bootstrap,local-fast,task-brief-tests,python3 scripts/test_task_brief_generator.py,passed,0,0.45,,.build/anigma-pipeline/runs/review-bundle-bootstrap/20260505T082950Z-a63916dc/logs/task-brief-tests.stdout.log,.build/anigma-pipeline/runs/review-bundle-bootstrap/20260505T082950Z-a63916dc/logs/task-brief-tests.stderr.log,.build/anigma-pipeline/runs/review-bundle-bootstrap/20260505T082950Z-a63916dc/step-results/task-brief-tests.json
20260505T082953Z-9d819360,td-cleanup-004,daemon-runtime,atlas-build,python3 scripts/anigma_build_repo_atlas.py,passed,0,8.387,,.build/anigma-pipeline/runs/td-cleanup-004/20260505T082953Z-9d819360/logs/atlas-build.stdout.log,.build/anigma-pipeline/runs/td-cleanup-004/20260505T082953Z-9d819360/logs/atlas-build.stderr.log,.build/anigma-pipeline/runs/td-cleanup-004/20260505T082953Z-9d819360/step-results/atlas-build.json
20260505T082953Z-9d819360,td-cleanup-004,daemon-runtime,context-query,python3 scripts/anigma_context_query.py --risk daemon_ipc_binding --target AnigmaDaemonCore --limit 10,passed,0,0.375,,.build/anigma-pipeline/runs/td-cleanup-004/20260505T082953Z-9d819360/logs/context-query.stdout.log,.build/anigma-pipeline/runs/td-cleanup-004/20260505T082953Z-9d819360/logs/context-query.stderr.log,.build/anigma-pipeline/runs/td-cleanup-004/20260505T082953Z-9d819360/step-results/context-query.json
20260505T082953Z-9d819360,td-cleanup-004,daemon-runtime,executable-advisory,python3 scripts/anigma_executable_consolidation_audit.py --mode advisory --focus anigmad --json-out .build/anigma-executable-consolidation-audit.json,passed,0,1.42,,.build/anigma-pipeline/runs/td-cleanup-004/20260505T082953Z-9d819360/logs/executable-advisory.stdout.log,.build/anigma-pipeline/runs/td-cleanup-004/20260505T082953Z-9d819360/logs/executable-advisory.stderr.log,.build/anigma-pipeline/runs/td-cleanup-004/20260505T082953Z-9d819360/step-results/executable-advisory.json
20260505T082953Z-c826d81e,pipeline-bootstrap,test,noop,"python3 -c 'print(""hello"")'",passed,0,0.043,,.build/anigma-pipeline/runs/pipeline-bootstrap/20260505T082953Z-c826d81e/logs/noop.stdout.log,.build/anigma-pipeline/runs/pipeline-bootstrap/20260505T082953Z-c826d81e/logs/noop.stderr.log,.build/anigma-pipeline/runs/pipeline-bootstrap/20260505T082953Z-c826d81e/step-results/noop.json
20260505T083004Z-dd4b3491,td-cleanup-004,daemon-runtime,atlas-build,python3 scripts/anigma_build_repo_atlas.py,passed,0,8.616,,.build/anigma-pipeline/runs/td-cleanup-004/20260505T083004Z-dd4b3491/logs/atlas-build.stdout.log,.build/anigma-pipeline/runs/td-cleanup-004/20260505T083004Z-dd4b3491/logs/atlas-build.stderr.log,.build/anigma-pipeline/runs/td-cleanup-004/20260505T083004Z-dd4b3491/step-results/atlas-build.json
20260505T083004Z-dd4b3491,td-cleanup-004,daemon-runtime,context-query,python3 scripts/anigma_context_query.py --risk daemon_ipc_binding --target AnigmaDaemonCore --limit 10,passed,0,0.585,,.build/anigma-pipeline/runs/td-cleanup-004/20260505T083004Z-dd4b3491/logs/context-query.stdout.log,.build/anigma-pipeline/runs/td-cleanup-004/20260505T083004Z-dd4b3491/logs/context-query.stderr.log,.build/anigma-pipeline/runs/td-cleanup-004/20260505T083004Z-dd4b3491/step-results/context-query.json
20260505T083004Z-dd4b3491,td-cleanup-004,daemon-runtime,executable-advisory,python3 scripts/anigma_executable_consolidation_audit.py --mode advisory --focus anigmad --json-out .build/anigma-executable-consolidation-audit.json,passed,0,1.519,,.build/anigma-pipeline/runs/td-cleanup-004/20260505T083004Z-dd4b3491/logs/executable-advisory.stdout.log,.build/anigma-pipeline/runs/td-cleanup-004/20260505T083004Z-dd4b3491/logs/executable-advisory.stderr.log,.build/anigma-pipeline/runs/td-cleanup-004/20260505T083004Z-dd4b3491/step-results/executable-advisory.json
20260505T083408Z-f00a13dd,td-cleanup-004,cleanup-review,atlas-build,python3 scripts/anigma_build_repo_atlas.py,passed,0,12.091,,.build/anigma-pipeline/runs/td-cleanup-004/20260505T083408Z-f00a13dd/logs/atlas-build.stdout.log,.build/anigma-pipeline/runs/td-cleanup-004/20260505T083408Z-f00a13dd/logs/atlas-build.stderr.log,.build/anigma-pipeline/runs/td-cleanup-004/20260505T083408Z-f00a13dd/step-results/atlas-build.json
20260505T083408Z-f00a13dd,td-cleanup-004,cleanup-review,atlas-check,python3 scripts/anigma_context_query.py --check,passed,0,0.195,,.build/anigma-pipeline/runs/td-cleanup-004/20260505T083408Z-f00a13dd/logs/atlas-check.stdout.log,.build/anigma-pipeline/runs/td-cleanup-004/20260505T083408Z-f00a13dd/logs/atlas-check.stderr.log,.build/anigma-pipeline/runs/td-cleanup-004/20260505T083408Z-f00a13dd/step-results/atlas-check.json
20260505T083408Z-f00a13dd,td-cleanup-004,cleanup-review,dead-code-gate,python3 scripts/anigma_dead_code_audit.py --mode gate --baseline Docs/baselines/dead-code-baseline.json,passed,0,15.755,,.build/anigma-pipeline/runs/td-cleanup-004/20260505T083408Z-f00a13dd/logs/dead-code-gate.stdout.log,.build/anigma-pipeline/runs/td-cleanup-004/20260505T083408Z-f00a13dd/logs/dead-code-gate.stderr.log,.build/anigma-pipeline/runs/td-cleanup-004/20260505T083408Z-f00a13dd/step-results/dead-code-gate.json
20260505T083408Z-f00a13dd,td-cleanup-004,cleanup-review,executable-gate,python3 scripts/anigma_executable_consolidation_audit.py --mode gate --baseline Docs/baselines/executable-consolidation-baseline.json --focus anigmad,passed,0,1.413,,.build/anigma-pipeline/runs/td-cleanup-004/20260505T083408Z-f00a13dd/logs/executable-gate.stdout.log,.build/anigma-pipeline/runs/td-cleanup-004/20260505T083408Z-f00a13dd/logs/executable-gate.stderr.log,.build/anigma-pipeline/runs/td-cleanup-004/20260505T083408Z-f00a13dd/step-results/executable-gate.json
20260505T083408Z-f00a13dd,td-cleanup-004,cleanup-review,scope-check,python3 scripts/anigma_validate_scope.py --task td-cleanup-004 --allowed-path scripts --allowed-path Docs --allow-empty,failed,1,0.175,,.build/anigma-pipeline/runs/td-cleanup-004/20260505T083408Z-f00a13dd/logs/scope-check.stdout.log,.build/anigma-pipeline/runs/td-cleanup-004/20260505T083408Z-f00a13dd/logs/scope-check.stderr.log,.build/anigma-pipeline/runs/td-cleanup-004/20260505T083408Z-f00a13dd/step-results/scope-check.json
20260505T083632Z-b7ad08f9,td-cleanup-004,cleanup-review,atlas-build,python3 scripts/anigma_build_repo_atlas.py,passed,0,12.549,,.build/anigma-pipeline/runs/td-cleanup-004/20260505T083632Z-b7ad08f9/logs/atlas-build.stdout.log,.build/anigma-pipeline/runs/td-cleanup-004/20260505T083632Z-b7ad08f9/logs/atlas-build.stderr.log,.build/anigma-pipeline/runs/td-cleanup-004/20260505T083632Z-b7ad08f9/step-results/atlas-build.json
20260505T083632Z-b7ad08f9,td-cleanup-004,cleanup-review,atlas-check,python3 scripts/anigma_context_query.py --check,passed,0,0.21,,.build/anigma-pipeline/runs/td-cleanup-004/20260505T083632Z-b7ad08f9/logs/atlas-check.stdout.log,.build/anigma-pipeline/runs/td-cleanup-004/20260505T083632Z-b7ad08f9/logs/atlas-check.stderr.log,.build/anigma-pipeline/runs/td-cleanup-004/20260505T083632Z-b7ad08f9/step-results/atlas-check.json
20260505T083632Z-b7ad08f9,td-cleanup-004,cleanup-review,dead-code-gate,python3 scripts/anigma_dead_code_audit.py --mode gate --baseline Docs/baselines/dead-code-baseline.json,passed,0,16.581,,.build/anigma-pipeline/runs/td-cleanup-004/20260505T083632Z-b7ad08f9/logs/dead-code-gate.stdout.log,.build/anigma-pipeline/runs/td-cleanup-004/20260505T083632Z-b7ad08f9/logs/dead-code-gate.stderr.log,.build/anigma-pipeline/runs/td-cleanup-004/20260505T083632Z-b7ad08f9/step-results/dead-code-gate.json
20260505T083632Z-b7ad08f9,td-cleanup-004,cleanup-review,executable-gate,python3 scripts/anigma_executable_consolidation_audit.py --mode gate --baseline Docs/baselines/executable-consolidation-baseline.json --focus anigmad,passed,0,2.382,,.build/anigma-pipeline/runs/td-cleanup-004/20260505T083632Z-b7ad08f9/logs/executable-gate.stdout.log,.build/anigma-pipeline/runs/td-cleanup-004/20260505T083632Z-b7ad08f9/logs/executable-gate.stderr.log,.build/anigma-pipeline/runs/td-cleanup-004/20260505T083632Z-b7ad08f9/step-results/executable-gate.json
20260505T083632Z-b7ad08f9,td-cleanup-004,cleanup-review,scope-check,python3 scripts/anigma_validate_scope.py --task td-cleanup-004 --allowed-path scripts --allowed-path Docs --allow-empty,failed,1,0.154,,.build/anigma-pipeline/runs/td-cleanup-004/20260505T083632Z-b7ad08f9/logs/scope-check.stdout.log,.build/anigma-pipeline/runs/td-cleanup-004/20260505T083632Z-b7ad08f9/logs/scope-check.stderr.log,.build/anigma-pipeline/runs/td-cleanup-004/20260505T083632Z-b7ad08f9/step-results/scope-check.json
20260505T084325Z-b3284c5c,td-cleanup-004,cleanup-review,atlas-build,python3 scripts/anigma_build_repo_atlas.py,passed,0,9.106,,.build/anigma-pipeline/runs/td-cleanup-004/20260505T084325Z-b3284c5c/logs/atlas-build.stdout.log,.build/anigma-pipeline/runs/td-cleanup-004/20260505T084325Z-b3284c5c/logs/atlas-build.stderr.log,.build/anigma-pipeline/runs/td-cleanup-004/20260505T084325Z-b3284c5c/step-results/atlas-build.json
20260505T084325Z-b3284c5c,td-cleanup-004,cleanup-review,atlas-check,python3 scripts/anigma_context_query.py --check,passed,0,0.204,,.build/anigma-pipeline/runs/td-cleanup-004/20260505T084325Z-b3284c5c/logs/atlas-check.stdout.log,.build/anigma-pipeline/runs/td-cleanup-004/20260505T084325Z-b3284c5c/logs/atlas-check.stderr.log,.build/anigma-pipeline/runs/td-cleanup-004/20260505T084325Z-b3284c5c/step-results/atlas-check.json
20260505T084325Z-b3284c5c,td-cleanup-004,cleanup-review,dead-code-gate,python3 scripts/anigma_dead_code_audit.py --mode gate --baseline Docs/baselines/dead-code-baseline.json,passed,0,20.15,,.build/anigma-pipeline/runs/td-cleanup-004/20260505T084325Z-b3284c5c/logs/dead-code-gate.stdout.log,.build/anigma-pipeline/runs/td-cleanup-004/20260505T084325Z-b3284c5c/logs/dead-code-gate.stderr.log,.build/anigma-pipeline/runs/td-cleanup-004/20260505T084325Z-b3284c5c/step-results/dead-code-gate.json
20260505T084325Z-b3284c5c,td-cleanup-004,cleanup-review,executable-gate,python3 scripts/anigma_executable_consolidation_audit.py --mode gate --baseline Docs/baselines/executable-consolidation-baseline.json --focus anigmad,passed,0,1.555,,.build/anigma-pipeline/runs/td-cleanup-004/20260505T084325Z-b3284c5c/logs/executable-gate.stdout.log,.build/anigma-pipeline/runs/td-cleanup-004/20260505T084325Z-b3284c5c/logs/executable-gate.stderr.log,.build/anigma-pipeline/runs/td-cleanup-004/20260505T084325Z-b3284c5c/step-results/executable-gate.json
20260505T084325Z-b3284c5c,td-cleanup-004,cleanup-review,scope-check,python3 scripts/anigma_validate_scope.py --task td-cleanup-004 --allowed-path scripts --allowed-path Docs --allow-empty,failed,1,0.149,,.build/anigma-pipeline/runs/td-cleanup-004/20260505T084325Z-b3284c5c/logs/scope-check.stdout.log,.build/anigma-pipeline/runs/td-cleanup-004/20260505T084325Z-b3284c5c/logs/scope-check.stderr.log,.build/anigma-pipeline/runs/td-cleanup-004/20260505T084325Z-b3284c5c/step-results/scope-check.json
20260505T084326Z-8c86a54d,review-bundle-bootstrap,local-fast,atlas-check,python3 scripts/anigma_context_query.py --check,passed,0,0.274,,.build/anigma-pipeline/runs/review-bundle-bootstrap/20260505T084326Z-8c86a54d/logs/atlas-check.stdout.log,.build/anigma-pipeline/runs/review-bundle-bootstrap/20260505T084326Z-8c86a54d/logs/atlas-check.stderr.log,.build/anigma-pipeline/runs/review-bundle-bootstrap/20260505T084326Z-8c86a54d/step-results/atlas-check.json
20260505T084326Z-8c86a54d,review-bundle-bootstrap,local-fast,git-hygiene-status,python3 scripts/anigma_git_hygiene.py status,passed,0,0.538,,.build/anigma-pipeline/runs/review-bundle-bootstrap/20260505T084326Z-8c86a54d/logs/git-hygiene-status.stdout.log,.build/anigma-pipeline/runs/review-bundle-bootstrap/20260505T084326Z-8c86a54d/logs/git-hygiene-status.stderr.log,.build/anigma-pipeline/runs/review-bundle-bootstrap/20260505T084326Z-8c86a54d/step-results/git-hygiene-status.json
20260505T084326Z-8c86a54d,review-bundle-bootstrap,local-fast,py-compile,python3 -m py_compile scripts/anigma_pipeline.py scripts/anigma_validate_scope.py scripts/anigma_result_contract.py scripts/anigma_common/*.py,passed,0,0.063,,.build/anigma-pipeline/runs/review-bundle-bootstrap/20260505T084326Z-8c86a54d/logs/py-compile.stdout.log,.build/anigma-pipeline/runs/review-bundle-bootstrap/20260505T084326Z-8c86a54d/logs/py-compile.stderr.log,.build/anigma-pipeline/runs/review-bundle-bootstrap/20260505T084326Z-8c86a54d/step-results/py-compile.json
20260505T084326Z-8c86a54d,review-bundle-bootstrap,local-fast,task-brief-tests,python3 scripts/test_task_brief_generator.py,passed,0,0.407,,.build/anigma-pipeline/runs/review-bundle-bootstrap/20260505T084326Z-8c86a54d/logs/task-brief-tests.stdout.log,.build/anigma-pipeline/runs/review-bundle-bootstrap/20260505T084326Z-8c86a54d/logs/task-brief-tests.stderr.log,.build/anigma-pipeline/runs/review-bundle-bootstrap/20260505T084326Z-8c86a54d/step-results/task-brief-tests.json
20260505T084329Z-60188808,pipeline-bootstrap,test,noop,"python3 -c 'print(""hello"")'",passed,0,0.033,,.build/anigma-pipeline/runs/pipeline-bootstrap/20260505T084329Z-60188808/logs/noop.stdout.log,.build/anigma-pipeline/runs/pipeline-bootstrap/20260505T084329Z-60188808/logs/noop.stderr.log,.build/anigma-pipeline/runs/pipeline-bootstrap/20260505T084329Z-60188808/step-results/noop.json
20260505T084329Z-83026c78,td-cleanup-004,daemon-runtime,atlas-build,python3 scripts/anigma_build_repo_atlas.py,passed,0,10.578,,.build/anigma-pipeline/runs/td-cleanup-004/20260505T084329Z-83026c78/logs/atlas-build.stdout.log,.build/anigma-pipeline/runs/td-cleanup-004/20260505T084329Z-83026c78/logs/atlas-build.stderr.log,.build/anigma-pipeline/runs/td-cleanup-004/20260505T084329Z-83026c78/step-results/atlas-build.json
20260505T084329Z-83026c78,td-cleanup-004,daemon-runtime,context-query,python3 scripts/anigma_context_query.py --risk daemon_ipc_binding --target AnigmaDaemonCore --limit 10,passed,0,0.482,,.build/anigma-pipeline/runs/td-cleanup-004/20260505T084329Z-83026c78/logs/context-query.stdout.log,.build/anigma-pipeline/runs/td-cleanup-004/20260505T084329Z-83026c78/logs/context-query.stderr.log,.build/anigma-pipeline/runs/td-cleanup-004/20260505T084329Z-83026c78/step-results/context-query.json
20260505T084329Z-83026c78,td-cleanup-004,daemon-runtime,executable-advisory,python3 scripts/anigma_executable_consolidation_audit.py --mode advisory --focus anigmad --json-out .build/anigma-executable-consolidation-audit.json,passed,0,2.342,,.build/anigma-pipeline/runs/td-cleanup-004/20260505T084329Z-83026c78/logs/executable-advisory.stdout.log,.build/anigma-pipeline/runs/td-cleanup-004/20260505T084329Z-83026c78/logs/executable-advisory.stderr.log,.build/anigma-pipeline/runs/td-cleanup-004/20260505T084329Z-83026c78/step-results/executable-advisory.json
20260505T084343Z-30ce4dc0,td-cleanup-004,daemon-runtime,atlas-build,python3 scripts/anigma_build_repo_atlas.py,passed,0,9.775,,.build/anigma-pipeline/runs/td-cleanup-004/20260505T084343Z-30ce4dc0/logs/atlas-build.stdout.log,.build/anigma-pipeline/runs/td-cleanup-004/20260505T084343Z-30ce4dc0/logs/atlas-build.stderr.log,.build/anigma-pipeline/runs/td-cleanup-004/20260505T084343Z-30ce4dc0/step-results/atlas-build.json
20260505T084343Z-30ce4dc0,td-cleanup-004,daemon-runtime,context-query,python3 scripts/anigma_context_query.py --risk daemon_ipc_binding --target AnigmaDaemonCore --limit 10,passed,0,0.483,,.build/anigma-pipeline/runs/td-cleanup-004/20260505T084343Z-30ce4dc0/logs/context-query.stdout.log,.build/anigma-pipeline/runs/td-cleanup-004/20260505T084343Z-30ce4dc0/logs/context-query.stderr.log,.build/anigma-pipeline/runs/td-cleanup-004/20260505T084343Z-30ce4dc0/step-results/context-query.json
20260505T084343Z-30ce4dc0,td-cleanup-004,daemon-runtime,executable-advisory,python3 scripts/anigma_executable_consolidation_audit.py --mode advisory --focus anigmad --json-out .build/anigma-executable-consolidation-audit.json,passed,0,1.995,,.build/anigma-pipeline/runs/td-cleanup-004/20260505T084343Z-30ce4dc0/logs/executable-advisory.stdout.log,.build/anigma-pipeline/runs/td-cleanup-004/20260505T084343Z-30ce4dc0/logs/executable-advisory.stderr.log,.build/anigma-pipeline/runs/td-cleanup-004/20260505T084343Z-30ce4dc0/step-results/executable-advisory.json
20260505T084414Z-8e2a1c62,td-cleanup-004,cleanup-review,atlas-build,python3 scripts/anigma_build_repo_atlas.py,passed,0,11.169,,.build/anigma-pipeline/runs/td-cleanup-004/20260505T084414Z-8e2a1c62/logs/atlas-build.stdout.log,.build/anigma-pipeline/runs/td-cleanup-004/20260505T084414Z-8e2a1c62/logs/atlas-build.stderr.log,.build/anigma-pipeline/runs/td-cleanup-004/20260505T084414Z-8e2a1c62/step-results/atlas-build.json
20260505T084414Z-8e2a1c62,td-cleanup-004,cleanup-review,atlas-check,python3 scripts/anigma_context_query.py --check,passed,0,0.216,,.build/anigma-pipeline/runs/td-cleanup-004/20260505T084414Z-8e2a1c62/logs/atlas-check.stdout.log,.build/anigma-pipeline/runs/td-cleanup-004/20260505T084414Z-8e2a1c62/logs/atlas-check.stderr.log,.build/anigma-pipeline/runs/td-cleanup-004/20260505T084414Z-8e2a1c62/step-results/atlas-check.json
20260505T084414Z-8e2a1c62,td-cleanup-004,cleanup-review,dead-code-gate,python3 scripts/anigma_dead_code_audit.py --mode gate --baseline Docs/baselines/dead-code-baseline.json,passed,0,21.376,,.build/anigma-pipeline/runs/td-cleanup-004/20260505T084414Z-8e2a1c62/logs/dead-code-gate.stdout.log,.build/anigma-pipeline/runs/td-cleanup-004/20260505T084414Z-8e2a1c62/logs/dead-code-gate.stderr.log,.build/anigma-pipeline/runs/td-cleanup-004/20260505T084414Z-8e2a1c62/step-results/dead-code-gate.json
20260505T084414Z-8e2a1c62,td-cleanup-004,cleanup-review,executable-gate,python3 scripts/anigma_executable_consolidation_audit.py --mode gate --baseline Docs/baselines/executable-consolidation-baseline.json --focus anigmad,passed,0,1.95,,.build/anigma-pipeline/runs/td-cleanup-004/20260505T084414Z-8e2a1c62/logs/executable-gate.stdout.log,.build/anigma-pipeline/runs/td-cleanup-004/20260505T084414Z-8e2a1c62/logs/executable-gate.stderr.log,.build/anigma-pipeline/runs/td-cleanup-004/20260505T084414Z-8e2a1c62/step-results/executable-gate.json
20260505T084414Z-8e2a1c62,td-cleanup-004,cleanup-review,scope-check,python3 scripts/anigma_validate_scope.py --task td-cleanup-004 --allowed-path scripts --allowed-path Docs --allow-empty,failed,1,0.172,,.build/anigma-pipeline/runs/td-cleanup-004/20260505T084414Z-8e2a1c62/logs/scope-check.stdout.log,.build/anigma-pipeline/runs/td-cleanup-004/20260505T084414Z-8e2a1c62/logs/scope-check.stderr.log,.build/anigma-pipeline/runs/td-cleanup-004/20260505T084414Z-8e2a1c62/step-results/scope-check.json
20260505T084414Z-ef6477fa,review-bundle-bootstrap,local-fast,atlas-check,python3 scripts/anigma_context_query.py --check,passed,0,0.271,,.build/anigma-pipeline/runs/review-bundle-bootstrap/20260505T084414Z-ef6477fa/logs/atlas-check.stdout.log,.build/anigma-pipeline/runs/review-bundle-bootstrap/20260505T084414Z-ef6477fa/logs/atlas-check.stderr.log,.build/anigma-pipeline/runs/review-bundle-bootstrap/20260505T084414Z-ef6477fa/step-results/atlas-check.json
20260505T084414Z-ef6477fa,review-bundle-bootstrap,local-fast,git-hygiene-status,python3 scripts/anigma_git_hygiene.py status,passed,0,0.606,,.build/anigma-pipeline/runs/review-bundle-bootstrap/20260505T084414Z-ef6477fa/logs/git-hygiene-status.stdout.log,.build/anigma-pipeline/runs/review-bundle-bootstrap/20260505T084414Z-ef6477fa/logs/git-hygiene-status.stderr.log,.build/anigma-pipeline/runs/review-bundle-bootstrap/20260505T084414Z-ef6477fa/step-results/git-hygiene-status.json
20260505T084414Z-ef6477fa,review-bundle-bootstrap,local-fast,py-compile,python3 -m py_compile scripts/anigma_pipeline.py scripts/anigma_validate_scope.py scripts/anigma_result_contract.py scripts/anigma_common/*.py,passed,0,0.08,,.build/anigma-pipeline/runs/review-bundle-bootstrap/20260505T084414Z-ef6477fa/logs/py-compile.stdout.log,.build/anigma-pipeline/runs/review-bundle-bootstrap/20260505T084414Z-ef6477fa/logs/py-compile.stderr.log,.build/anigma-pipeline/runs/review-bundle-bootstrap/20260505T084414Z-ef6477fa/step-results/py-compile.json
20260505T084414Z-ef6477fa,review-bundle-bootstrap,local-fast,task-brief-tests,python3 scripts/test_task_brief_generator.py,passed,0,0.406,,.build/anigma-pipeline/runs/review-bundle-bootstrap/20260505T084414Z-ef6477fa/logs/task-brief-tests.stdout.log,.build/anigma-pipeline/runs/review-bundle-bootstrap/20260505T084414Z-ef6477fa/logs/task-brief-tests.stderr.log,.build/anigma-pipeline/runs/review-bundle-bootstrap/20260505T084414Z-ef6477fa/step-results/task-brief-tests.json
20260505T084417Z-16879d8f,td-cleanup-004,daemon-runtime,atlas-build,python3 scripts/anigma_build_repo_atlas.py,passed,0,9.974,,.build/anigma-pipeline/runs/td-cleanup-004/20260505T084417Z-16879d8f/logs/atlas-build.stdout.log,.build/anigma-pipeline/runs/td-cleanup-004/20260505T084417Z-16879d8f/logs/atlas-build.stderr.log,.build/anigma-pipeline/runs/td-cleanup-004/20260505T084417Z-16879d8f/step-results/atlas-build.json
20260505T084417Z-16879d8f,td-cleanup-004,daemon-runtime,context-query,python3 scripts/anigma_context_query.py --risk daemon_ipc_binding --target AnigmaDaemonCore --limit 10,passed,0,0.401,,.build/anigma-pipeline/runs/td-cleanup-004/20260505T084417Z-16879d8f/logs/context-query.stdout.log,.build/anigma-pipeline/runs/td-cleanup-004/20260505T084417Z-16879d8f/logs/context-query.stderr.log,.build/anigma-pipeline/runs/td-cleanup-004/20260505T084417Z-16879d8f/step-results/context-query.json
20260505T084417Z-16879d8f,td-cleanup-004,daemon-runtime,executable-advisory,python3 scripts/anigma_executable_consolidation_audit.py --mode advisory --focus anigmad --json-out .build/anigma-executable-consolidation-audit.json,passed,0,1.738,,.build/anigma-pipeline/runs/td-cleanup-004/20260505T084417Z-16879d8f/logs/executable-advisory.stdout.log,.build/anigma-pipeline/runs/td-cleanup-004/20260505T084417Z-16879d8f/logs/executable-advisory.stderr.log,.build/anigma-pipeline/runs/td-cleanup-004/20260505T084417Z-16879d8f/step-results/executable-advisory.json
20260505T084417Z-d9884d1f,pipeline-bootstrap,test,noop,"python3 -c 'print(""hello"")'",passed,0,0.04,,.build/anigma-pipeline/runs/pipeline-bootstrap/20260505T084417Z-d9884d1f/logs/noop.stdout.log,.build/anigma-pipeline/runs/pipeline-bootstrap/20260505T084417Z-d9884d1f/logs/noop.stderr.log,.build/anigma-pipeline/runs/pipeline-bootstrap/20260505T084417Z-d9884d1f/step-results/noop.json
20260505T084430Z-0dc1f6cb,td-cleanup-004,daemon-runtime,atlas-build,python3 scripts/anigma_build_repo_atlas.py,passed,0,13.67,,.build/anigma-pipeline/runs/td-cleanup-004/20260505T084430Z-0dc1f6cb/logs/atlas-build.stdout.log,.build/anigma-pipeline/runs/td-cleanup-004/20260505T084430Z-0dc1f6cb/logs/atlas-build.stderr.log,.build/anigma-pipeline/runs/td-cleanup-004/20260505T084430Z-0dc1f6cb/step-results/atlas-build.json
20260505T084430Z-0dc1f6cb,td-cleanup-004,daemon-runtime,context-query,python3 scripts/anigma_context_query.py --risk daemon_ipc_binding --target AnigmaDaemonCore --limit 10,passed,0,0.642,,.build/anigma-pipeline/runs/td-cleanup-004/20260505T084430Z-0dc1f6cb/logs/context-query.stdout.log,.build/anigma-pipeline/runs/td-cleanup-004/20260505T084430Z-0dc1f6cb/logs/context-query.stderr.log,.build/anigma-pipeline/runs/td-cleanup-004/20260505T084430Z-0dc1f6cb/step-results/context-query.json
20260505T084430Z-0dc1f6cb,td-cleanup-004,daemon-runtime,executable-advisory,python3 scripts/anigma_executable_consolidation_audit.py --mode advisory --focus anigmad --json-out .build/anigma-executable-consolidation-audit.json,passed,0,2.001,,.build/anigma-pipeline/runs/td-cleanup-004/20260505T084430Z-0dc1f6cb/logs/executable-advisory.stdout.log,.build/anigma-pipeline/runs/td-cleanup-004/20260505T084430Z-0dc1f6cb/logs/executable-advisory.stderr.log,.build/anigma-pipeline/runs/td-cleanup-004/20260505T084430Z-0dc1f6cb/step-results/executable-advisory.json
20260505T084456Z-1344636c,td-cleanup-004,cleanup-review,dead-code-gate,python3 scripts/anigma_dead_code_audit.py --mode gate --baseline Docs/baselines/dead-code-baseline.json,failed,1,24.169,,.build/anigma-pipeline/runs/td-cleanup-004/20260505T084456Z-1344636c/logs/dead-code-gate.stdout.log,.build/anigma-pipeline/runs/td-cleanup-004/20260505T084456Z-1344636c/logs/dead-code-gate.stderr.log,.build/anigma-pipeline/runs/td-cleanup-004/20260505T084456Z-1344636c/step-results/dead-code-gate.json
20260505T084456Z-237375d6,td-cleanup-004,cleanup-review,dead-code-gate,python3 scripts/anigma_dead_code_audit.py --mode gate --baseline Docs/baselines/dead-code-baseline.json,failed,1,23.969,,.build/anigma-pipeline/runs/td-cleanup-004/20260505T084456Z-237375d6/logs/dead-code-gate.stdout.log,.build/anigma-pipeline/runs/td-cleanup-004/20260505T084456Z-237375d6/logs/dead-code-gate.stderr.log,.build/anigma-pipeline/runs/td-cleanup-004/20260505T084456Z-237375d6/step-results/dead-code-gate.json
20260505T084521Z-99a55a6c,pipeline-bootstrap,test,noop,"python3 -c 'print(""hello"")'",passed,0,0.05,,.build/anigma-pipeline/runs/pipeline-bootstrap/20260505T084521Z-99a55a6c/logs/noop.stdout.log,.build/anigma-pipeline/runs/pipeline-bootstrap/20260505T084521Z-99a55a6c/logs/noop.stderr.log,.build/anigma-pipeline/runs/pipeline-bootstrap/20260505T084521Z-99a55a6c/step-results/noop.json
20260505T084521Z-b5700eb6,td-cleanup-004,daemon-runtime,atlas-build,python3 scripts/anigma_build_repo_atlas.py,passed,0,10.397,,.build/anigma-pipeline/runs/td-cleanup-004/20260505T084521Z-b5700eb6/logs/atlas-build.stdout.log,.build/anigma-pipeline/runs/td-cleanup-004/20260505T084521Z-b5700eb6/logs/atlas-build.stderr.log,.build/anigma-pipeline/runs/td-cleanup-004/20260505T084521Z-b5700eb6/step-results/atlas-build.json
20260505T084521Z-b5700eb6,td-cleanup-004,daemon-runtime,context-query,python3 scripts/anigma_context_query.py --risk daemon_ipc_binding --target AnigmaDaemonCore --limit 10,passed,0,0.464,,.build/anigma-pipeline/runs/td-cleanup-004/20260505T084521Z-b5700eb6/logs/context-query.stdout.log,.build/anigma-pipeline/runs/td-cleanup-004/20260505T084521Z-b5700eb6/logs/context-query.stderr.log,.build/anigma-pipeline/runs/td-cleanup-004/20260505T084521Z-b5700eb6/step-results/context-query.json
20260505T084521Z-b5700eb6,td-cleanup-004,daemon-runtime,executable-advisory,python3 scripts/anigma_executable_consolidation_audit.py --mode advisory --focus anigmad --json-out .build/anigma-executable-consolidation-audit.json,passed,0,1.804,,.build/anigma-pipeline/runs/td-cleanup-004/20260505T084521Z-b5700eb6/logs/executable-advisory.stdout.log,.build/anigma-pipeline/runs/td-cleanup-004/20260505T084521Z-b5700eb6/logs/executable-advisory.stderr.log,.build/anigma-pipeline/runs/td-cleanup-004/20260505T084521Z-b5700eb6/step-results/executable-advisory.json
20260505T084534Z-a7b0065f,td-cleanup-004,daemon-runtime,atlas-build,python3 scripts/anigma_build_repo_atlas.py,passed,0,9.689,,.build/anigma-pipeline/runs/td-cleanup-004/20260505T084534Z-a7b0065f/logs/atlas-build.stdout.log,.build/anigma-pipeline/runs/td-cleanup-004/20260505T084534Z-a7b0065f/logs/atlas-build.stderr.log,.build/anigma-pipeline/runs/td-cleanup-004/20260505T084534Z-a7b0065f/step-results/atlas-build.json
20260505T084534Z-a7b0065f,td-cleanup-004,daemon-runtime,context-query,python3 scripts/anigma_context_query.py --risk daemon_ipc_binding --target AnigmaDaemonCore --limit 10,passed,0,0.487,,.build/anigma-pipeline/runs/td-cleanup-004/20260505T084534Z-a7b0065f/logs/context-query.stdout.log,.build/anigma-pipeline/runs/td-cleanup-004/20260505T084534Z-a7b0065f/logs/context-query.stderr.log,.build/anigma-pipeline/runs/td-cleanup-004/20260505T084534Z-a7b0065f/step-results/context-query.json
20260505T084534Z-a7b0065f,td-cleanup-004,daemon-runtime,executable-advisory,python3 scripts/anigma_executable_consolidation_audit.py --mode advisory --focus anigmad --json-out .build/anigma-executable-consolidation-audit.json,passed,0,1.552,,.build/anigma-pipeline/runs/td-cleanup-004/20260505T084534Z-a7b0065f/logs/executable-advisory.stdout.log,.build/anigma-pipeline/runs/td-cleanup-004/20260505T084534Z-a7b0065f/logs/executable-advisory.stderr.log,.build/anigma-pipeline/runs/td-cleanup-004/20260505T084534Z-a7b0065f/step-results/executable-advisory.json
20260505T084553Z-2840aa09,td-cleanup-004,cleanup-review,atlas-build,python3 scripts/anigma_build_repo_atlas.py,passed,0,11.175,,.build/anigma-pipeline/runs/td-cleanup-004/20260505T084553Z-2840aa09/logs/atlas-build.stdout.log,.build/anigma-pipeline/runs/td-cleanup-004/20260505T084553Z-2840aa09/logs/atlas-build.stderr.log,.build/anigma-pipeline/runs/td-cleanup-004/20260505T084553Z-2840aa09/step-results/atlas-build.json
20260505T084553Z-2840aa09,td-cleanup-004,cleanup-review,atlas-check,python3 scripts/anigma_context_query.py --check,passed,0,0.258,,.build/anigma-pipeline/runs/td-cleanup-004/20260505T084553Z-2840aa09/logs/atlas-check.stdout.log,.build/anigma-pipeline/runs/td-cleanup-004/20260505T084553Z-2840aa09/logs/atlas-check.stderr.log,.build/anigma-pipeline/runs/td-cleanup-004/20260505T084553Z-2840aa09/step-results/atlas-check.json
20260505T084553Z-2840aa09,td-cleanup-004,cleanup-review,dead-code-gate,python3 scripts/anigma_dead_code_audit.py --mode gate --baseline Docs/baselines/dead-code-baseline.json,passed,0,25.402,,.build/anigma-pipeline/runs/td-cleanup-004/20260505T084553Z-2840aa09/logs/dead-code-gate.stdout.log,.build/anigma-pipeline/runs/td-cleanup-004/20260505T084553Z-2840aa09/logs/dead-code-gate.stderr.log,.build/anigma-pipeline/runs/td-cleanup-004/20260505T084553Z-2840aa09/step-results/dead-code-gate.json
20260505T084553Z-2840aa09,td-cleanup-004,cleanup-review,executable-gate,python3 scripts/anigma_executable_consolidation_audit.py --mode gate --baseline Docs/baselines/executable-consolidation-baseline.json --focus anigmad,passed,0,1.904,,.build/anigma-pipeline/runs/td-cleanup-004/20260505T084553Z-2840aa09/logs/executable-gate.stdout.log,.build/anigma-pipeline/runs/td-cleanup-004/20260505T084553Z-2840aa09/logs/executable-gate.stderr.log,.build/anigma-pipeline/runs/td-cleanup-004/20260505T084553Z-2840aa09/step-results/executable-gate.json
20260505T084553Z-2840aa09,td-cleanup-004,cleanup-review,scope-check,python3 scripts/anigma_validate_scope.py --task td-cleanup-004 --allowed-path scripts --allowed-path Docs --allow-empty,failed,1,0.209,,.build/anigma-pipeline/runs/td-cleanup-004/20260505T084553Z-2840aa09/logs/scope-check.stdout.log,.build/anigma-pipeline/runs/td-cleanup-004/20260505T084553Z-2840aa09/logs/scope-check.stderr.log,.build/anigma-pipeline/runs/td-cleanup-004/20260505T084553Z-2840aa09/step-results/scope-check.json
20260505T084553Z-cd647555,td-cleanup-004,cleanup-review,atlas-build,python3 scripts/anigma_build_repo_atlas.py,passed,0,11.172,,.build/anigma-pipeline/runs/td-cleanup-004/20260505T084553Z-cd647555/logs/atlas-build.stdout.log,.build/anigma-pipeline/runs/td-cleanup-004/20260505T084553Z-cd647555/logs/atlas-build.stderr.log,.build/anigma-pipeline/runs/td-cleanup-004/20260505T084553Z-cd647555/step-results/atlas-build.json
20260505T084553Z-cd647555,td-cleanup-004,cleanup-review,atlas-check,python3 scripts/anigma_context_query.py --check,passed,0,0.269,,.build/anigma-pipeline/runs/td-cleanup-004/20260505T084553Z-cd647555/logs/atlas-check.stdout.log,.build/anigma-pipeline/runs/td-cleanup-004/20260505T084553Z-cd647555/logs/atlas-check.stderr.log,.build/anigma-pipeline/runs/td-cleanup-004/20260505T084553Z-cd647555/step-results/atlas-check.json
20260505T084553Z-cd647555,td-cleanup-004,cleanup-review,dead-code-gate,python3 scripts/anigma_dead_code_audit.py --mode gate --baseline Docs/baselines/dead-code-baseline.json,passed,0,25.291,,.build/anigma-pipeline/runs/td-cleanup-004/20260505T084553Z-cd647555/logs/dead-code-gate.stdout.log,.build/anigma-pipeline/runs/td-cleanup-004/20260505T084553Z-cd647555/logs/dead-code-gate.stderr.log,.build/anigma-pipeline/runs/td-cleanup-004/20260505T084553Z-cd647555/step-results/dead-code-gate.json
20260505T084553Z-cd647555,td-cleanup-004,cleanup-review,executable-gate,python3 scripts/anigma_executable_consolidation_audit.py --mode gate --baseline Docs/baselines/executable-consolidation-baseline.json --focus anigmad,passed,0,2.154,,.build/anigma-pipeline/runs/td-cleanup-004/20260505T084553Z-cd647555/logs/executable-gate.stdout.log,.build/anigma-pipeline/runs/td-cleanup-004/20260505T084553Z-cd647555/logs/executable-gate.stderr.log,.build/anigma-pipeline/runs/td-cleanup-004/20260505T084553Z-cd647555/step-results/executable-gate.json
20260505T084553Z-cd647555,td-cleanup-004,cleanup-review,scope-check,python3 scripts/anigma_validate_scope.py --task td-cleanup-004 --allowed-path scripts --allowed-path Docs --allow-empty,failed,1,0.208,,.build/anigma-pipeline/runs/td-cleanup-004/20260505T084553Z-cd647555/logs/scope-check.stdout.log,.build/anigma-pipeline/runs/td-cleanup-004/20260505T084553Z-cd647555/logs/scope-check.stderr.log,.build/anigma-pipeline/runs/td-cleanup-004/20260505T084553Z-cd647555/step-results/scope-check.json
20260505T084635Z-23a1ca36,td-cleanup-004,daemon-runtime,atlas-build,python3 scripts/anigma_build_repo_atlas.py,passed,0,9.491,,.build/anigma-pipeline/runs/td-cleanup-004/20260505T084635Z-23a1ca36/logs/atlas-build.stdout.log,.build/anigma-pipeline/runs/td-cleanup-004/20260505T084635Z-23a1ca36/logs/atlas-build.stderr.log,.build/anigma-pipeline/runs/td-cleanup-004/20260505T084635Z-23a1ca36/step-results/atlas-build.json
20260505T084635Z-23a1ca36,td-cleanup-004,daemon-runtime,context-query,python3 scripts/anigma_context_query.py --risk daemon_ipc_binding --target AnigmaDaemonCore --limit 10,passed,0,0.418,,.build/anigma-pipeline/runs/td-cleanup-004/20260505T084635Z-23a1ca36/logs/context-query.stdout.log,.build/anigma-pipeline/runs/td-cleanup-004/20260505T084635Z-23a1ca36/logs/context-query.stderr.log,.build/anigma-pipeline/runs/td-cleanup-004/20260505T084635Z-23a1ca36/step-results/context-query.json
20260505T084635Z-23a1ca36,td-cleanup-004,daemon-runtime,executable-advisory,python3 scripts/anigma_executable_consolidation_audit.py --mode advisory --focus anigmad --json-out .build/anigma-executable-consolidation-audit.json,passed,0,1.697,,.build/anigma-pipeline/runs/td-cleanup-004/20260505T084635Z-23a1ca36/logs/executable-advisory.stdout.log,.build/anigma-pipeline/runs/td-cleanup-004/20260505T084635Z-23a1ca36/logs/executable-advisory.stderr.log,.build/anigma-pipeline/runs/td-cleanup-004/20260505T084635Z-23a1ca36/step-results/executable-advisory.json
20260505T084635Z-4b4f7a11,pipeline-bootstrap,test,noop,"python3 -c 'print(""hello"")'",passed,0,0.043,,.build/anigma-pipeline/runs/pipeline-bootstrap/20260505T084635Z-4b4f7a11/logs/noop.stdout.log,.build/anigma-pipeline/runs/pipeline-bootstrap/20260505T084635Z-4b4f7a11/logs/noop.stderr.log,.build/anigma-pipeline/runs/pipeline-bootstrap/20260505T084635Z-4b4f7a11/step-results/noop.json
20260505T084647Z-0fe01308,td-cleanup-004,daemon-runtime,atlas-build,python3 scripts/anigma_build_repo_atlas.py,passed,0,9.762,,.build/anigma-pipeline/runs/td-cleanup-004/20260505T084647Z-0fe01308/logs/atlas-build.stdout.log,.build/anigma-pipeline/runs/td-cleanup-004/20260505T084647Z-0fe01308/logs/atlas-build.stderr.log,.build/anigma-pipeline/runs/td-cleanup-004/20260505T084647Z-0fe01308/step-results/atlas-build.json
20260505T084647Z-0fe01308,td-cleanup-004,daemon-runtime,context-query,python3 scripts/anigma_context_query.py --risk daemon_ipc_binding --target AnigmaDaemonCore --limit 10,passed,0,0.42,,.build/anigma-pipeline/runs/td-cleanup-004/20260505T084647Z-0fe01308/logs/context-query.stdout.log,.build/anigma-pipeline/runs/td-cleanup-004/20260505T084647Z-0fe01308/logs/context-query.stderr.log,.build/anigma-pipeline/runs/td-cleanup-004/20260505T084647Z-0fe01308/step-results/context-query.json
20260505T084647Z-0fe01308,td-cleanup-004,daemon-runtime,executable-advisory,python3 scripts/anigma_executable_consolidation_audit.py --mode advisory --focus anigmad --json-out .build/anigma-executable-consolidation-audit.json,passed,0,1.485,,.build/anigma-pipeline/runs/td-cleanup-004/20260505T084647Z-0fe01308/logs/executable-advisory.stdout.log,.build/anigma-pipeline/runs/td-cleanup-004/20260505T084647Z-0fe01308/logs/executable-advisory.stderr.log,.build/anigma-pipeline/runs/td-cleanup-004/20260505T084647Z-0fe01308/step-results/executable-advisory.json
20260505T084719Z-1af83d57,td-cleanup-004,cleanup-review,atlas-build,python3 scripts/anigma_build_repo_atlas.py,passed,0,11.337,,.build/anigma-pipeline/runs/td-cleanup-004/20260505T084719Z-1af83d57/logs/atlas-build.stdout.log,.build/anigma-pipeline/runs/td-cleanup-004/20260505T084719Z-1af83d57/logs/atlas-build.stderr.log,.build/anigma-pipeline/runs/td-cleanup-004/20260505T084719Z-1af83d57/step-results/atlas-build.json
20260505T084719Z-1af83d57,td-cleanup-004,cleanup-review,atlas-check,python3 scripts/anigma_context_query.py --check,passed,0,0.244,,.build/anigma-pipeline/runs/td-cleanup-004/20260505T084719Z-1af83d57/logs/atlas-check.stdout.log,.build/anigma-pipeline/runs/td-cleanup-004/20260505T084719Z-1af83d57/logs/atlas-check.stderr.log,.build/anigma-pipeline/runs/td-cleanup-004/20260505T084719Z-1af83d57/step-results/atlas-check.json
20260505T084719Z-1af83d57,td-cleanup-004,cleanup-review,dead-code-gate,python3 scripts/anigma_dead_code_audit.py --mode gate --baseline Docs/baselines/dead-code-baseline.json,passed,0,25.021,,.build/anigma-pipeline/runs/td-cleanup-004/20260505T084719Z-1af83d57/logs/dead-code-gate.stdout.log,.build/anigma-pipeline/runs/td-cleanup-004/20260505T084719Z-1af83d57/logs/dead-code-gate.stderr.log,.build/anigma-pipeline/runs/td-cleanup-004/20260505T084719Z-1af83d57/step-results/dead-code-gate.json
20260505T084719Z-1af83d57,td-cleanup-004,cleanup-review,executable-gate,python3 scripts/anigma_executable_consolidation_audit.py --mode gate --baseline Docs/baselines/executable-consolidation-baseline.json --focus anigmad,passed,0,2.219,,.build/anigma-pipeline/runs/td-cleanup-004/20260505T084719Z-1af83d57/logs/executable-gate.stdout.log,.build/anigma-pipeline/runs/td-cleanup-004/20260505T084719Z-1af83d57/logs/executable-gate.stderr.log,.build/anigma-pipeline/runs/td-cleanup-004/20260505T084719Z-1af83d57/step-results/executable-gate.json
20260505T084719Z-1af83d57,td-cleanup-004,cleanup-review,scope-check,python3 scripts/anigma_validate_scope.py --task td-cleanup-004 --allowed-path scripts --allowed-path Docs --allow-empty,failed,1,0.209,,.build/anigma-pipeline/runs/td-cleanup-004/20260505T084719Z-1af83d57/logs/scope-check.stdout.log,.build/anigma-pipeline/runs/td-cleanup-004/20260505T084719Z-1af83d57/logs/scope-check.stderr.log,.build/anigma-pipeline/runs/td-cleanup-004/20260505T084719Z-1af83d57/step-results/scope-check.json
20260505T084719Z-a0bb6f27,td-cleanup-004,cleanup-review,atlas-build,python3 scripts/anigma_build_repo_atlas.py,passed,0,11.357,,.build/anigma-pipeline/runs/td-cleanup-004/20260505T084719Z-a0bb6f27/logs/atlas-build.stdout.log,.build/anigma-pipeline/runs/td-cleanup-004/20260505T084719Z-a0bb6f27/logs/atlas-build.stderr.log,.build/anigma-pipeline/runs/td-cleanup-004/20260505T084719Z-a0bb6f27/step-results/atlas-build.json
20260505T084719Z-a0bb6f27,td-cleanup-004,cleanup-review,atlas-check,python3 scripts/anigma_context_query.py --check,passed,0,0.233,,.build/anigma-pipeline/runs/td-cleanup-004/20260505T084719Z-a0bb6f27/logs/atlas-check.stdout.log,.build/anigma-pipeline/runs/td-cleanup-004/20260505T084719Z-a0bb6f27/logs/atlas-check.stderr.log,.build/anigma-pipeline/runs/td-cleanup-004/20260505T084719Z-a0bb6f27/step-results/atlas-check.json
20260505T084719Z-a0bb6f27,td-cleanup-004,cleanup-review,dead-code-gate,python3 scripts/anigma_dead_code_audit.py --mode gate --baseline Docs/baselines/dead-code-baseline.json,passed,0,24.861,,.build/anigma-pipeline/runs/td-cleanup-004/20260505T084719Z-a0bb6f27/logs/dead-code-gate.stdout.log,.build/anigma-pipeline/runs/td-cleanup-004/20260505T084719Z-a0bb6f27/logs/dead-code-gate.stderr.log,.build/anigma-pipeline/runs/td-cleanup-004/20260505T084719Z-a0bb6f27/step-results/dead-code-gate.json
20260505T084719Z-a0bb6f27,td-cleanup-004,cleanup-review,executable-gate,python3 scripts/anigma_executable_consolidation_audit.py --mode gate --baseline Docs/baselines/executable-consolidation-baseline.json --focus anigmad,passed,0,2.249,,.build/anigma-pipeline/runs/td-cleanup-004/20260505T084719Z-a0bb6f27/logs/executable-gate.stdout.log,.build/anigma-pipeline/runs/td-cleanup-004/20260505T084719Z-a0bb6f27/logs/executable-gate.stderr.log,.build/anigma-pipeline/runs/td-cleanup-004/20260505T084719Z-a0bb6f27/step-results/executable-gate.json
20260505T084719Z-a0bb6f27,td-cleanup-004,cleanup-review,scope-check,python3 scripts/anigma_validate_scope.py --task td-cleanup-004 --allowed-path scripts --allowed-path Docs --allow-empty,failed,1,0.204,,.build/anigma-pipeline/runs/td-cleanup-004/20260505T084719Z-a0bb6f27/logs/scope-check.stdout.log,.build/anigma-pipeline/runs/td-cleanup-004/20260505T084719Z-a0bb6f27/logs/scope-check.stderr.log,.build/anigma-pipeline/runs/td-cleanup-004/20260505T084719Z-a0bb6f27/step-results/scope-check.json
20260505T084800Z-5e63c460,pipeline-bootstrap,test,noop,"python3 -c 'print(""hello"")'",passed,0,0.069,,.build/anigma-pipeline/runs/pipeline-bootstrap/20260505T084800Z-5e63c460/logs/noop.stdout.log,.build/anigma-pipeline/runs/pipeline-bootstrap/20260505T084800Z-5e63c460/logs/noop.stderr.log,.build/anigma-pipeline/runs/pipeline-bootstrap/20260505T084800Z-5e63c460/step-results/noop.json
20260505T084801Z-6f303a59,td-cleanup-004,daemon-runtime,atlas-build,python3 scripts/anigma_build_repo_atlas.py,passed,0,9.691,,.build/anigma-pipeline/runs/td-cleanup-004/20260505T084801Z-6f303a59/logs/atlas-build.stdout.log,.build/anigma-pipeline/runs/td-cleanup-004/20260505T084801Z-6f303a59/logs/atlas-build.stderr.log,.build/anigma-pipeline/runs/td-cleanup-004/20260505T084801Z-6f303a59/step-results/atlas-build.json
20260505T084801Z-6f303a59,td-cleanup-004,daemon-runtime,context-query,python3 scripts/anigma_context_query.py --risk daemon_ipc_binding --target AnigmaDaemonCore --limit 10,passed,0,0.429,,.build/anigma-pipeline/runs/td-cleanup-004/20260505T084801Z-6f303a59/logs/context-query.stdout.log,.build/anigma-pipeline/runs/td-cleanup-004/20260505T084801Z-6f303a59/logs/context-query.stderr.log,.build/anigma-pipeline/runs/td-cleanup-004/20260505T084801Z-6f303a59/step-results/context-query.json
20260505T084801Z-6f303a59,td-cleanup-004,daemon-runtime,executable-advisory,python3 scripts/anigma_executable_consolidation_audit.py --mode advisory --focus anigmad --json-out .build/anigma-executable-consolidation-audit.json,passed,0,1.578,,.build/anigma-pipeline/runs/td-cleanup-004/20260505T084801Z-6f303a59/logs/executable-advisory.stdout.log,.build/anigma-pipeline/runs/td-cleanup-004/20260505T084801Z-6f303a59/logs/executable-advisory.stderr.log,.build/anigma-pipeline/runs/td-cleanup-004/20260505T084801Z-6f303a59/step-results/executable-advisory.json
20260505T084813Z-77b05ddf,td-cleanup-004,daemon-runtime,atlas-build,python3 scripts/anigma_build_repo_atlas.py,passed,0,9.85,,.build/anigma-pipeline/runs/td-cleanup-004/20260505T084813Z-77b05ddf/logs/atlas-build.stdout.log,.build/anigma-pipeline/runs/td-cleanup-004/20260505T084813Z-77b05ddf/logs/atlas-build.stderr.log,.build/anigma-pipeline/runs/td-cleanup-004/20260505T084813Z-77b05ddf/step-results/atlas-build.json
20260505T084813Z-77b05ddf,td-cleanup-004,daemon-runtime,context-query,python3 scripts/anigma_context_query.py --risk daemon_ipc_binding --target AnigmaDaemonCore --limit 10,passed,0,0.437,,.build/anigma-pipeline/runs/td-cleanup-004/20260505T084813Z-77b05ddf/logs/context-query.stdout.log,.build/anigma-pipeline/runs/td-cleanup-004/20260505T084813Z-77b05ddf/logs/context-query.stderr.log,.build/anigma-pipeline/runs/td-cleanup-004/20260505T084813Z-77b05ddf/step-results/context-query.json
20260505T084813Z-77b05ddf,td-cleanup-004,daemon-runtime,executable-advisory,python3 scripts/anigma_executable_consolidation_audit.py --mode advisory --focus anigmad --json-out .build/anigma-executable-consolidation-audit.json,passed,0,1.594,,.build/anigma-pipeline/runs/td-cleanup-004/20260505T084813Z-77b05ddf/logs/executable-advisory.stdout.log,.build/anigma-pipeline/runs/td-cleanup-004/20260505T084813Z-77b05ddf/logs/executable-advisory.stderr.log,.build/anigma-pipeline/runs/td-cleanup-004/20260505T084813Z-77b05ddf/step-results/executable-advisory.json
20260505T093914Z-e8269de4,rig-cli-bootstrap,local-fast,atlas-check,python3 scripts/anigma_context_query.py --check,passed,0,1.429,,.build/anigma-pipeline/runs/rig-cli-bootstrap/20260505T093914Z-e8269de4/logs/atlas-check.stdout.log,.build/anigma-pipeline/runs/rig-cli-bootstrap/20260505T093914Z-e8269de4/logs/atlas-check.stderr.log,.build/anigma-pipeline/runs/rig-cli-bootstrap/20260505T093914Z-e8269de4/step-results/atlas-check.json
20260505T093914Z-e8269de4,rig-cli-bootstrap,local-fast,git-hygiene-status,python3 scripts/anigma_git_hygiene.py status,passed,0,0.383,,.build/anigma-pipeline/runs/rig-cli-bootstrap/20260505T093914Z-e8269de4/logs/git-hygiene-status.stdout.log,.build/anigma-pipeline/runs/rig-cli-bootstrap/20260505T093914Z-e8269de4/logs/git-hygiene-status.stderr.log,.build/anigma-pipeline/runs/rig-cli-bootstrap/20260505T093914Z-e8269de4/step-results/git-hygiene-status.json
20260505T093914Z-e8269de4,rig-cli-bootstrap,local-fast,py-compile,python3 -m py_compile scripts/anigma_pipeline.py scripts/anigma_validate_scope.py scripts/anigma_result_contract.py scripts/anigma_common/*.py,passed,0,0.054,,.build/anigma-pipeline/runs/rig-cli-bootstrap/20260505T093914Z-e8269de4/logs/py-compile.stdout.log,.build/anigma-pipeline/runs/rig-cli-bootstrap/20260505T093914Z-e8269de4/logs/py-compile.stderr.log,.build/anigma-pipeline/runs/rig-cli-bootstrap/20260505T093914Z-e8269de4/step-results/py-compile.json
20260505T093914Z-e8269de4,rig-cli-bootstrap,local-fast,task-brief-tests,python3 scripts/test_task_brief_generator.py,passed,0,0.427,,.build/anigma-pipeline/runs/rig-cli-bootstrap/20260505T093914Z-e8269de4/logs/task-brief-tests.stdout.log,.build/anigma-pipeline/runs/rig-cli-bootstrap/20260505T093914Z-e8269de4/logs/task-brief-tests.stderr.log,.build/anigma-pipeline/runs/rig-cli-bootstrap/20260505T093914Z-e8269de4/step-results/task-brief-tests.json
20260505T093924Z-fb7c9160,rig-cli-bootstrap,local-fast,atlas-check,python3 scripts/anigma_context_query.py --check,passed,0,1.388,,.build/anigma-pipeline/runs/rig-cli-bootstrap/20260505T093924Z-fb7c9160/logs/atlas-check.stdout.log,.build/anigma-pipeline/runs/rig-cli-bootstrap/20260505T093924Z-fb7c9160/logs/atlas-check.stderr.log,.build/anigma-pipeline/runs/rig-cli-bootstrap/20260505T093924Z-fb7c9160/step-results/atlas-check.json
20260505T093924Z-fb7c9160,rig-cli-bootstrap,local-fast,git-hygiene-status,python3 scripts/anigma_git_hygiene.py status,passed,0,0.329,,.build/anigma-pipeline/runs/rig-cli-bootstrap/20260505T093924Z-fb7c9160/logs/git-hygiene-status.stdout.log,.build/anigma-pipeline/runs/rig-cli-bootstrap/20260505T093924Z-fb7c9160/logs/git-hygiene-status.stderr.log,.build/anigma-pipeline/runs/rig-cli-bootstrap/20260505T093924Z-fb7c9160/step-results/git-hygiene-status.json
20260505T093924Z-fb7c9160,rig-cli-bootstrap,local-fast,py-compile,python3 -m py_compile scripts/anigma_pipeline.py scripts/anigma_validate_scope.py scripts/anigma_result_contract.py scripts/anigma_common/*.py,passed,0,0.052,,.build/anigma-pipeline/runs/rig-cli-bootstrap/20260505T093924Z-fb7c9160/logs/py-compile.stdout.log,.build/anigma-pipeline/runs/rig-cli-bootstrap/20260505T093924Z-fb7c9160/logs/py-compile.stderr.log,.build/anigma-pipeline/runs/rig-cli-bootstrap/20260505T093924Z-fb7c9160/step-results/py-compile.json
20260505T093924Z-fb7c9160,rig-cli-bootstrap,local-fast,task-brief-tests,python3 scripts/test_task_brief_generator.py,passed,0,0.358,,.build/anigma-pipeline/runs/rig-cli-bootstrap/20260505T093924Z-fb7c9160/logs/task-brief-tests.stdout.log,.build/anigma-pipeline/runs/rig-cli-bootstrap/20260505T093924Z-fb7c9160/logs/task-brief-tests.stderr.log,.build/anigma-pipeline/runs/rig-cli-bootstrap/20260505T093924Z-fb7c9160/step-results/task-brief-tests.json
20260505T093952Z-5e28da21,rig-cli-bootstrap,local-fast,atlas-check,python3 scripts/anigma_context_query.py --check,passed,0,1.432,,.build/anigma-pipeline/runs/rig-cli-bootstrap/20260505T093952Z-5e28da21/logs/atlas-check.stdout.log,.build/anigma-pipeline/runs/rig-cli-bootstrap/20260505T093952Z-5e28da21/logs/atlas-check.stderr.log,.build/anigma-pipeline/runs/rig-cli-bootstrap/20260505T093952Z-5e28da21/step-results/atlas-check.json
20260505T093952Z-5e28da21,rig-cli-bootstrap,local-fast,git-hygiene-status,python3 scripts/anigma_git_hygiene.py status,passed,0,0.33,,.build/anigma-pipeline/runs/rig-cli-bootstrap/20260505T093952Z-5e28da21/logs/git-hygiene-status.stdout.log,.build/anigma-pipeline/runs/rig-cli-bootstrap/20260505T093952Z-5e28da21/logs/git-hygiene-status.stderr.log,.build/anigma-pipeline/runs/rig-cli-bootstrap/20260505T093952Z-5e28da21/step-results/git-hygiene-status.json
20260505T093952Z-5e28da21,rig-cli-bootstrap,local-fast,py-compile,python3 -m py_compile scripts/anigma_pipeline.py scripts/anigma_validate_scope.py scripts/anigma_result_contract.py scripts/anigma_common/*.py,passed,0,0.051,,.build/anigma-pipeline/runs/rig-cli-bootstrap/20260505T093952Z-5e28da21/logs/py-compile.stdout.log,.build/anigma-pipeline/runs/rig-cli-bootstrap/20260505T093952Z-5e28da21/logs/py-compile.stderr.log,.build/anigma-pipeline/runs/rig-cli-bootstrap/20260505T093952Z-5e28da21/step-results/py-compile.json
20260505T093952Z-5e28da21,rig-cli-bootstrap,local-fast,task-brief-tests,python3 scripts/test_task_brief_generator.py,passed,0,0.361,,.build/anigma-pipeline/runs/rig-cli-bootstrap/20260505T093952Z-5e28da21/logs/task-brief-tests.stdout.log,.build/anigma-pipeline/runs/rig-cli-bootstrap/20260505T093952Z-5e28da21/logs/task-brief-tests.stderr.log,.build/anigma-pipeline/runs/rig-cli-bootstrap/20260505T093952Z-5e28da21/step-results/task-brief-tests.json
20260505T094019Z-f14696a0,rig-cli-bootstrap,local-fast,atlas-check,python3 scripts/anigma_context_query.py --check,passed,0,1.458,,.build/anigma-pipeline/runs/rig-cli-bootstrap/20260505T094019Z-f14696a0/logs/atlas-check.stdout.log,.build/anigma-pipeline/runs/rig-cli-bootstrap/20260505T094019Z-f14696a0/logs/atlas-check.stderr.log,.build/anigma-pipeline/runs/rig-cli-bootstrap/20260505T094019Z-f14696a0/step-results/atlas-check.json
20260505T094019Z-f14696a0,rig-cli-bootstrap,local-fast,git-hygiene-status,python3 scripts/anigma_git_hygiene.py status,passed,0,0.34,,.build/anigma-pipeline/runs/rig-cli-bootstrap/20260505T094019Z-f14696a0/logs/git-hygiene-status.stdout.log,.build/anigma-pipeline/runs/rig-cli-bootstrap/20260505T094019Z-f14696a0/logs/git-hygiene-status.stderr.log,.build/anigma-pipeline/runs/rig-cli-bootstrap/20260505T094019Z-f14696a0/step-results/git-hygiene-status.json
20260505T094019Z-f14696a0,rig-cli-bootstrap,local-fast,py-compile,python3 -m py_compile scripts/anigma_pipeline.py scripts/anigma_validate_scope.py scripts/anigma_result_contract.py scripts/anigma_common/*.py,passed,0,0.055,,.build/anigma-pipeline/runs/rig-cli-bootstrap/20260505T094019Z-f14696a0/logs/py-compile.stdout.log,.build/anigma-pipeline/runs/rig-cli-bootstrap/20260505T094019Z-f14696a0/logs/py-compile.stderr.log,.build/anigma-pipeline/runs/rig-cli-bootstrap/20260505T094019Z-f14696a0/step-results/py-compile.json
20260505T094019Z-f14696a0,rig-cli-bootstrap,local-fast,task-brief-tests,python3 scripts/test_task_brief_generator.py,passed,0,0.401,,.build/anigma-pipeline/runs/rig-cli-bootstrap/20260505T094019Z-f14696a0/logs/task-brief-tests.stdout.log,.build/anigma-pipeline/runs/rig-cli-bootstrap/20260505T094019Z-f14696a0/logs/task-brief-tests.stderr.log,.build/anigma-pipeline/runs/rig-cli-bootstrap/20260505T094019Z-f14696a0/step-results/task-brief-tests.json
20260505T094023Z-ec348699,rig-cli-bootstrap,local-fast,atlas-check,python3 scripts/anigma_context_query.py --check,passed,0,1.696,,.build/anigma-pipeline/runs/rig-cli-bootstrap/20260505T094023Z-ec348699/logs/atlas-check.stdout.log,.build/anigma-pipeline/runs/rig-cli-bootstrap/20260505T094023Z-ec348699/logs/atlas-check.stderr.log,.build/anigma-pipeline/runs/rig-cli-bootstrap/20260505T094023Z-ec348699/step-results/atlas-check.json
20260505T094023Z-ec348699,rig-cli-bootstrap,local-fast,git-hygiene-status,python3 scripts/anigma_git_hygiene.py status,passed,0,0.331,,.build/anigma-pipeline/runs/rig-cli-bootstrap/20260505T094023Z-ec348699/logs/git-hygiene-status.stdout.log,.build/anigma-pipeline/runs/rig-cli-bootstrap/20260505T094023Z-ec348699/logs/git-hygiene-status.stderr.log,.build/anigma-pipeline/runs/rig-cli-bootstrap/20260505T094023Z-ec348699/step-results/git-hygiene-status.json
20260505T094023Z-ec348699,rig-cli-bootstrap,local-fast,py-compile,python3 -m py_compile scripts/anigma_pipeline.py scripts/anigma_validate_scope.py scripts/anigma_result_contract.py scripts/anigma_common/*.py,passed,0,0.049,,.build/anigma-pipeline/runs/rig-cli-bootstrap/20260505T094023Z-ec348699/logs/py-compile.stdout.log,.build/anigma-pipeline/runs/rig-cli-bootstrap/20260505T094023Z-ec348699/logs/py-compile.stderr.log,.build/anigma-pipeline/runs/rig-cli-bootstrap/20260505T094023Z-ec348699/step-results/py-compile.json
20260505T094023Z-ec348699,rig-cli-bootstrap,local-fast,task-brief-tests,python3 scripts/test_task_brief_generator.py,passed,0,0.377,,.build/anigma-pipeline/runs/rig-cli-bootstrap/20260505T094023Z-ec348699/logs/task-brief-tests.stdout.log,.build/anigma-pipeline/runs/rig-cli-bootstrap/20260505T094023Z-ec348699/logs/task-brief-tests.stderr.log,.build/anigma-pipeline/runs/rig-cli-bootstrap/20260505T094023Z-ec348699/step-results/task-brief-tests.json
20260505T094638Z-f70cbbfc,rig-cli-bootstrap,local-fast,atlas-check,python3 scripts/anigma_context_query.py --check,passed,0,1.276,,.build/anigma-pipeline/runs/rig-cli-bootstrap/20260505T094638Z-f70cbbfc/logs/atlas-check.stdout.log,.build/anigma-pipeline/runs/rig-cli-bootstrap/20260505T094638Z-f70cbbfc/logs/atlas-check.stderr.log,.build/anigma-pipeline/runs/rig-cli-bootstrap/20260505T094638Z-f70cbbfc/step-results/atlas-check.json
20260505T094638Z-f70cbbfc,rig-cli-bootstrap,local-fast,git-hygiene-status,python3 scripts/anigma_git_hygiene.py status,passed,0,0.305,,.build/anigma-pipeline/runs/rig-cli-bootstrap/20260505T094638Z-f70cbbfc/logs/git-hygiene-status.stdout.log,.build/anigma-pipeline/runs/rig-cli-bootstrap/20260505T094638Z-f70cbbfc/logs/git-hygiene-status.stderr.log,.build/anigma-pipeline/runs/rig-cli-bootstrap/20260505T094638Z-f70cbbfc/step-results/git-hygiene-status.json
20260505T094638Z-f70cbbfc,rig-cli-bootstrap,local-fast,py-compile,python3 -m py_compile scripts/anigma_pipeline.py scripts/anigma_validate_scope.py scripts/anigma_result_contract.py scripts/anigma_common/*.py,passed,0,0.046,,.build/anigma-pipeline/runs/rig-cli-bootstrap/20260505T094638Z-f70cbbfc/logs/py-compile.stdout.log,.build/anigma-pipeline/runs/rig-cli-bootstrap/20260505T094638Z-f70cbbfc/logs/py-compile.stderr.log,.build/anigma-pipeline/runs/rig-cli-bootstrap/20260505T094638Z-f70cbbfc/step-results/py-compile.json
20260505T094638Z-f70cbbfc,rig-cli-bootstrap,local-fast,task-brief-tests,python3 scripts/test_task_brief_generator.py,passed,0,0.296,,.build/anigma-pipeline/runs/rig-cli-bootstrap/20260505T094638Z-f70cbbfc/logs/task-brief-tests.stdout.log,.build/anigma-pipeline/runs/rig-cli-bootstrap/20260505T094638Z-f70cbbfc/logs/task-brief-tests.stderr.log,.build/anigma-pipeline/runs/rig-cli-bootstrap/20260505T094638Z-f70cbbfc/step-results/task-brief-tests.json
20260505T094641Z-64842fef,rig-cli-bootstrap,local-fast,atlas-check,python3 scripts/anigma_context_query.py --check,passed,0,1.299,,.build/anigma-pipeline/runs/rig-cli-bootstrap/20260505T094641Z-64842fef/logs/atlas-check.stdout.log,.build/anigma-pipeline/runs/rig-cli-bootstrap/20260505T094641Z-64842fef/logs/atlas-check.stderr.log,.build/anigma-pipeline/runs/rig-cli-bootstrap/20260505T094641Z-64842fef/step-results/atlas-check.json
20260505T094641Z-64842fef,rig-cli-bootstrap,local-fast,git-hygiene-status,python3 scripts/anigma_git_hygiene.py status,passed,0,0.318,,.build/anigma-pipeline/runs/rig-cli-bootstrap/20260505T094641Z-64842fef/logs/git-hygiene-status.stdout.log,.build/anigma-pipeline/runs/rig-cli-bootstrap/20260505T094641Z-64842fef/logs/git-hygiene-status.stderr.log,.build/anigma-pipeline/runs/rig-cli-bootstrap/20260505T094641Z-64842fef/step-results/git-hygiene-status.json
20260505T094641Z-64842fef,rig-cli-bootstrap,local-fast,py-compile,python3 -m py_compile scripts/anigma_pipeline.py scripts/anigma_validate_scope.py scripts/anigma_result_contract.py scripts/anigma_common/*.py,passed,0,0.049,,.build/anigma-pipeline/runs/rig-cli-bootstrap/20260505T094641Z-64842fef/logs/py-compile.stdout.log,.build/anigma-pipeline/runs/rig-cli-bootstrap/20260505T094641Z-64842fef/logs/py-compile.stderr.log,.build/anigma-pipeline/runs/rig-cli-bootstrap/20260505T094641Z-64842fef/step-results/py-compile.json
20260505T094641Z-64842fef,rig-cli-bootstrap,local-fast,task-brief-tests,python3 scripts/test_task_brief_generator.py,passed,0,0.29,,.build/anigma-pipeline/runs/rig-cli-bootstrap/20260505T094641Z-64842fef/logs/task-brief-tests.stdout.log,.build/anigma-pipeline/runs/rig-cli-bootstrap/20260505T094641Z-64842fef/logs/task-brief-tests.stderr.log,.build/anigma-pipeline/runs/rig-cli-bootstrap/20260505T094641Z-64842fef/step-results/task-brief-tests.json
20260505T095235Z-486589d2,rig-cli-bootstrap,local-fast,atlas-check,python3 scripts/anigma_context_query.py --check,passed,0,1.238,,.build/anigma-pipeline/runs/rig-cli-bootstrap/20260505T095235Z-486589d2/logs/atlas-check.stdout.log,.build/anigma-pipeline/runs/rig-cli-bootstrap/20260505T095235Z-486589d2/logs/atlas-check.stderr.log,.build/anigma-pipeline/runs/rig-cli-bootstrap/20260505T095235Z-486589d2/step-results/atlas-check.json
20260505T095235Z-486589d2,rig-cli-bootstrap,local-fast,git-hygiene-status,python3 scripts/anigma_git_hygiene.py status,passed,0,0.306,,.build/anigma-pipeline/runs/rig-cli-bootstrap/20260505T095235Z-486589d2/logs/git-hygiene-status.stdout.log,.build/anigma-pipeline/runs/rig-cli-bootstrap/20260505T095235Z-486589d2/logs/git-hygiene-status.stderr.log,.build/anigma-pipeline/runs/rig-cli-bootstrap/20260505T095235Z-486589d2/step-results/git-hygiene-status.json
20260505T095235Z-486589d2,rig-cli-bootstrap,local-fast,py-compile,python3 -m py_compile scripts/anigma_pipeline.py scripts/anigma_validate_scope.py scripts/anigma_result_contract.py scripts/anigma_common/*.py,passed,0,0.046,,.build/anigma-pipeline/runs/rig-cli-bootstrap/20260505T095235Z-486589d2/logs/py-compile.stdout.log,.build/anigma-pipeline/runs/rig-cli-bootstrap/20260505T095235Z-486589d2/logs/py-compile.stderr.log,.build/anigma-pipeline/runs/rig-cli-bootstrap/20260505T095235Z-486589d2/step-results/py-compile.json
20260505T095235Z-486589d2,rig-cli-bootstrap,local-fast,task-brief-tests,python3 scripts/test_task_brief_generator.py,passed,0,0.31,,.build/anigma-pipeline/runs/rig-cli-bootstrap/20260505T095235Z-486589d2/logs/task-brief-tests.stdout.log,.build/anigma-pipeline/runs/rig-cli-bootstrap/20260505T095235Z-486589d2/logs/task-brief-tests.stderr.log,.build/anigma-pipeline/runs/rig-cli-bootstrap/20260505T095235Z-486589d2/step-results/task-brief-tests.json
20260505T095239Z-4c81ff89,rig-cli-bootstrap,local-fast,atlas-check,python3 scripts/anigma_context_query.py --check,passed,0,1.244,,.build/anigma-pipeline/runs/rig-cli-bootstrap/20260505T095239Z-4c81ff89/logs/atlas-check.stdout.log,.build/anigma-pipeline/runs/rig-cli-bootstrap/20260505T095239Z-4c81ff89/logs/atlas-check.stderr.log,.build/anigma-pipeline/runs/rig-cli-bootstrap/20260505T095239Z-4c81ff89/step-results/atlas-check.json
20260505T095239Z-4c81ff89,rig-cli-bootstrap,local-fast,git-hygiene-status,python3 scripts/anigma_git_hygiene.py status,passed,0,0.309,,.build/anigma-pipeline/runs/rig-cli-bootstrap/20260505T095239Z-4c81ff89/logs/git-hygiene-status.stdout.log,.build/anigma-pipeline/runs/rig-cli-bootstrap/20260505T095239Z-4c81ff89/logs/git-hygiene-status.stderr.log,.build/anigma-pipeline/runs/rig-cli-bootstrap/20260505T095239Z-4c81ff89/step-results/git-hygiene-status.json
20260505T095239Z-4c81ff89,rig-cli-bootstrap,local-fast,py-compile,python3 -m py_compile scripts/anigma_pipeline.py scripts/anigma_validate_scope.py scripts/anigma_result_contract.py scripts/anigma_common/*.py,passed,0,0.043,,.build/anigma-pipeline/runs/rig-cli-bootstrap/20260505T095239Z-4c81ff89/logs/py-compile.stdout.log,.build/anigma-pipeline/runs/rig-cli-bootstrap/20260505T095239Z-4c81ff89/logs/py-compile.stderr.log,.build/anigma-pipeline/runs/rig-cli-bootstrap/20260505T095239Z-4c81ff89/step-results/py-compile.json
20260505T095239Z-4c81ff89,rig-cli-bootstrap,local-fast,task-brief-tests,python3 scripts/test_task_brief_generator.py,passed,0,0.302,,.build/anigma-pipeline/runs/rig-cli-bootstrap/20260505T095239Z-4c81ff89/logs/task-brief-tests.stdout.log,.build/anigma-pipeline/runs/rig-cli-bootstrap/20260505T095239Z-4c81ff89/logs/task-brief-tests.stderr.log,.build/anigma-pipeline/runs/rig-cli-bootstrap/20260505T095239Z-4c81ff89/step-results/task-brief-tests.json
20260505T095737Z-dcd689f3,rig-cli-bootstrap,local-fast,atlas-check,python3 scripts/anigma_context_query.py --check,passed,0,1.312,,.build/anigma-pipeline/runs/rig-cli-bootstrap/20260505T095737Z-dcd689f3/logs/atlas-check.stdout.log,.build/anigma-pipeline/runs/rig-cli-bootstrap/20260505T095737Z-dcd689f3/logs/atlas-check.stderr.log,.build/anigma-pipeline/runs/rig-cli-bootstrap/20260505T095737Z-dcd689f3/step-results/atlas-check.json
20260505T095737Z-dcd689f3,rig-cli-bootstrap,local-fast,git-hygiene-status,python3 scripts/anigma_git_hygiene.py status,passed,0,0.318,,.build/anigma-pipeline/runs/rig-cli-bootstrap/20260505T095737Z-dcd689f3/logs/git-hygiene-status.stdout.log,.build/anigma-pipeline/runs/rig-cli-bootstrap/20260505T095737Z-dcd689f3/logs/git-hygiene-status.stderr.log,.build/anigma-pipeline/runs/rig-cli-bootstrap/20260505T095737Z-dcd689f3/step-results/git-hygiene-status.json
20260505T095737Z-dcd689f3,rig-cli-bootstrap,local-fast,py-compile,python3 -m py_compile scripts/anigma_pipeline.py scripts/anigma_validate_scope.py scripts/anigma_result_contract.py scripts/anigma_common/*.py,passed,0,0.048,,.build/anigma-pipeline/runs/rig-cli-bootstrap/20260505T095737Z-dcd689f3/logs/py-compile.stdout.log,.build/anigma-pipeline/runs/rig-cli-bootstrap/20260505T095737Z-dcd689f3/logs/py-compile.stderr.log,.build/anigma-pipeline/runs/rig-cli-bootstrap/20260505T095737Z-dcd689f3/step-results/py-compile.json
20260505T095737Z-dcd689f3,rig-cli-bootstrap,local-fast,task-brief-tests,python3 scripts/test_task_brief_generator.py,passed,0,0.315,,.build/anigma-pipeline/runs/rig-cli-bootstrap/20260505T095737Z-dcd689f3/logs/task-brief-tests.stdout.log,.build/anigma-pipeline/runs/rig-cli-bootstrap/20260505T095737Z-dcd689f3/logs/task-brief-tests.stderr.log,.build/anigma-pipeline/runs/rig-cli-bootstrap/20260505T095737Z-dcd689f3/step-results/task-brief-tests.json
20260505T095741Z-bd451157,rig-cli-bootstrap,local-fast,atlas-check,python3 scripts/anigma_context_query.py --check,passed,0,1.303,,.build/anigma-pipeline/runs/rig-cli-bootstrap/20260505T095741Z-bd451157/logs/atlas-check.stdout.log,.build/anigma-pipeline/runs/rig-cli-bootstrap/20260505T095741Z-bd451157/logs/atlas-check.stderr.log,.build/anigma-pipeline/runs/rig-cli-bootstrap/20260505T095741Z-bd451157/step-results/atlas-check.json
20260505T095741Z-bd451157,rig-cli-bootstrap,local-fast,git-hygiene-status,python3 scripts/anigma_git_hygiene.py status,passed,0,0.337,,.build/anigma-pipeline/runs/rig-cli-bootstrap/20260505T095741Z-bd451157/logs/git-hygiene-status.stdout.log,.build/anigma-pipeline/runs/rig-cli-bootstrap/20260505T095741Z-bd451157/logs/git-hygiene-status.stderr.log,.build/anigma-pipeline/runs/rig-cli-bootstrap/20260505T095741Z-bd451157/step-results/git-hygiene-status.json
20260505T095741Z-bd451157,rig-cli-bootstrap,local-fast,py-compile,python3 -m py_compile scripts/anigma_pipeline.py scripts/anigma_validate_scope.py scripts/anigma_result_contract.py scripts/anigma_common/*.py,passed,0,0.045,,.build/anigma-pipeline/runs/rig-cli-bootstrap/20260505T095741Z-bd451157/logs/py-compile.stdout.log,.build/anigma-pipeline/runs/rig-cli-bootstrap/20260505T095741Z-bd451157/logs/py-compile.stderr.log,.build/anigma-pipeline/runs/rig-cli-bootstrap/20260505T095741Z-bd451157/step-results/py-compile.json
20260505T095741Z-bd451157,rig-cli-bootstrap,local-fast,task-brief-tests,python3 scripts/test_task_brief_generator.py,passed,0,0.319,,.build/anigma-pipeline/runs/rig-cli-bootstrap/20260505T095741Z-bd451157/logs/task-brief-tests.stdout.log,.build/anigma-pipeline/runs/rig-cli-bootstrap/20260505T095741Z-bd451157/logs/task-brief-tests.stderr.log,.build/anigma-pipeline/runs/rig-cli-bootstrap/20260505T095741Z-bd451157/step-results/task-brief-tests.json
20260505T100227Z-201d35db,rig-cli-bootstrap,local-fast,atlas-check,python3 scripts/anigma_context_query.py --check,passed,0,1.324,,.build/anigma-pipeline/runs/rig-cli-bootstrap/20260505T100227Z-201d35db/logs/atlas-check.stdout.log,.build/anigma-pipeline/runs/rig-cli-bootstrap/20260505T100227Z-201d35db/logs/atlas-check.stderr.log,.build/anigma-pipeline/runs/rig-cli-bootstrap/20260505T100227Z-201d35db/step-results/atlas-check.json
20260505T100227Z-201d35db,rig-cli-bootstrap,local-fast,git-hygiene-status,python3 scripts/anigma_git_hygiene.py status,passed,0,0.3,,.build/anigma-pipeline/runs/rig-cli-bootstrap/20260505T100227Z-201d35db/logs/git-hygiene-status.stdout.log,.build/anigma-pipeline/runs/rig-cli-bootstrap/20260505T100227Z-201d35db/logs/git-hygiene-status.stderr.log,.build/anigma-pipeline/runs/rig-cli-bootstrap/20260505T100227Z-201d35db/step-results/git-hygiene-status.json
20260505T100227Z-201d35db,rig-cli-bootstrap,local-fast,py-compile,python3 -m py_compile scripts/anigma_pipeline.py scripts/anigma_validate_scope.py scripts/anigma_result_contract.py scripts/anigma_common/*.py,passed,0,0.045,,.build/anigma-pipeline/runs/rig-cli-bootstrap/20260505T100227Z-201d35db/logs/py-compile.stdout.log,.build/anigma-pipeline/runs/rig-cli-bootstrap/20260505T100227Z-201d35db/logs/py-compile.stderr.log,.build/anigma-pipeline/runs/rig-cli-bootstrap/20260505T100227Z-201d35db/step-results/py-compile.json
20260505T100227Z-201d35db,rig-cli-bootstrap,local-fast,task-brief-tests,python3 scripts/test_task_brief_generator.py,passed,0,0.329,,.build/anigma-pipeline/runs/rig-cli-bootstrap/20260505T100227Z-201d35db/logs/task-brief-tests.stdout.log,.build/anigma-pipeline/runs/rig-cli-bootstrap/20260505T100227Z-201d35db/logs/task-brief-tests.stderr.log,.build/anigma-pipeline/runs/rig-cli-bootstrap/20260505T100227Z-201d35db/step-results/task-brief-tests.json
20260505T100231Z-c6739bdf,rig-cli-bootstrap,local-fast,atlas-check,python3 scripts/anigma_context_query.py --check,passed,0,1.374,,.build/anigma-pipeline/runs/rig-cli-bootstrap/20260505T100231Z-c6739bdf/logs/atlas-check.stdout.log,.build/anigma-pipeline/runs/rig-cli-bootstrap/20260505T100231Z-c6739bdf/logs/atlas-check.stderr.log,.build/anigma-pipeline/runs/rig-cli-bootstrap/20260505T100231Z-c6739bdf/step-results/atlas-check.json
20260505T100231Z-c6739bdf,rig-cli-bootstrap,local-fast,git-hygiene-status,python3 scripts/anigma_git_hygiene.py status,passed,0,0.327,,.build/anigma-pipeline/runs/rig-cli-bootstrap/20260505T100231Z-c6739bdf/logs/git-hygiene-status.stdout.log,.build/anigma-pipeline/runs/rig-cli-bootstrap/20260505T100231Z-c6739bdf/logs/git-hygiene-status.stderr.log,.build/anigma-pipeline/runs/rig-cli-bootstrap/20260505T100231Z-c6739bdf/step-results/git-hygiene-status.json
20260505T100231Z-c6739bdf,rig-cli-bootstrap,local-fast,py-compile,python3 -m py_compile scripts/anigma_pipeline.py scripts/anigma_validate_scope.py scripts/anigma_result_contract.py scripts/anigma_common/*.py,passed,0,0.052,,.build/anigma-pipeline/runs/rig-cli-bootstrap/20260505T100231Z-c6739bdf/logs/py-compile.stdout.log,.build/anigma-pipeline/runs/rig-cli-bootstrap/20260505T100231Z-c6739bdf/logs/py-compile.stderr.log,.build/anigma-pipeline/runs/rig-cli-bootstrap/20260505T100231Z-c6739bdf/step-results/py-compile.json
20260505T100231Z-c6739bdf,rig-cli-bootstrap,local-fast,task-brief-tests,python3 scripts/test_task_brief_generator.py,passed,0,0.383,,.build/anigma-pipeline/runs/rig-cli-bootstrap/20260505T100231Z-c6739bdf/logs/task-brief-tests.stdout.log,.build/anigma-pipeline/runs/rig-cli-bootstrap/20260505T100231Z-c6739bdf/logs/task-brief-tests.stderr.log,.build/anigma-pipeline/runs/rig-cli-bootstrap/20260505T100231Z-c6739bdf/step-results/task-brief-tests.json
20260505T100241Z-4492f33e,rig-cli-bootstrap,local-fast,atlas-check,python3 scripts/anigma_context_query.py --check,passed,0,1.261,,.build/anigma-pipeline/runs/rig-cli-bootstrap/20260505T100241Z-4492f33e/logs/atlas-check.stdout.log,.build/anigma-pipeline/runs/rig-cli-bootstrap/20260505T100241Z-4492f33e/logs/atlas-check.stderr.log,.build/anigma-pipeline/runs/rig-cli-bootstrap/20260505T100241Z-4492f33e/step-results/atlas-check.json
20260505T100241Z-4492f33e,rig-cli-bootstrap,local-fast,git-hygiene-status,python3 scripts/anigma_git_hygiene.py status,passed,0,0.32,,.build/anigma-pipeline/runs/rig-cli-bootstrap/20260505T100241Z-4492f33e/logs/git-hygiene-status.stdout.log,.build/anigma-pipeline/runs/rig-cli-bootstrap/20260505T100241Z-4492f33e/logs/git-hygiene-status.stderr.log,.build/anigma-pipeline/runs/rig-cli-bootstrap/20260505T100241Z-4492f33e/step-results/git-hygiene-status.json
20260505T100241Z-4492f33e,rig-cli-bootstrap,local-fast,py-compile,python3 -m py_compile scripts/anigma_pipeline.py scripts/anigma_validate_scope.py scripts/anigma_result_contract.py scripts/anigma_common/*.py,passed,0,0.048,,.build/anigma-pipeline/runs/rig-cli-bootstrap/20260505T100241Z-4492f33e/logs/py-compile.stdout.log,.build/anigma-pipeline/runs/rig-cli-bootstrap/20260505T100241Z-4492f33e/logs/py-compile.stderr.log,.build/anigma-pipeline/runs/rig-cli-bootstrap/20260505T100241Z-4492f33e/step-results/py-compile.json
20260505T100241Z-4492f33e,rig-cli-bootstrap,local-fast,task-brief-tests,python3 scripts/test_task_brief_generator.py,passed,0,0.327,,.build/anigma-pipeline/runs/rig-cli-bootstrap/20260505T100241Z-4492f33e/logs/task-brief-tests.stdout.log,.build/anigma-pipeline/runs/rig-cli-bootstrap/20260505T100241Z-4492f33e/logs/task-brief-tests.stderr.log,.build/anigma-pipeline/runs/rig-cli-bootstrap/20260505T100241Z-4492f33e/step-results/task-brief-tests.json
20260505T100244Z-69600410,rig-cli-bootstrap,local-fast,atlas-check,python3 scripts/anigma_context_query.py --check,passed,0,1.253,,.build/anigma-pipeline/runs/rig-cli-bootstrap/20260505T100244Z-69600410/logs/atlas-check.stdout.log,.build/anigma-pipeline/runs/rig-cli-bootstrap/20260505T100244Z-69600410/logs/atlas-check.stderr.log,.build/anigma-pipeline/runs/rig-cli-bootstrap/20260505T100244Z-69600410/step-results/atlas-check.json
20260505T100244Z-69600410,rig-cli-bootstrap,local-fast,git-hygiene-status,python3 scripts/anigma_git_hygiene.py status,passed,0,0.307,,.build/anigma-pipeline/runs/rig-cli-bootstrap/20260505T100244Z-69600410/logs/git-hygiene-status.stdout.log,.build/anigma-pipeline/runs/rig-cli-bootstrap/20260505T100244Z-69600410/logs/git-hygiene-status.stderr.log,.build/anigma-pipeline/runs/rig-cli-bootstrap/20260505T100244Z-69600410/step-results/git-hygiene-status.json
20260505T100244Z-69600410,rig-cli-bootstrap,local-fast,py-compile,python3 -m py_compile scripts/anigma_pipeline.py scripts/anigma_validate_scope.py scripts/anigma_result_contract.py scripts/anigma_common/*.py,passed,0,0.048,,.build/anigma-pipeline/runs/rig-cli-bootstrap/20260505T100244Z-69600410/logs/py-compile.stdout.log,.build/anigma-pipeline/runs/rig-cli-bootstrap/20260505T100244Z-69600410/logs/py-compile.stderr.log,.build/anigma-pipeline/runs/rig-cli-bootstrap/20260505T100244Z-69600410/step-results/py-compile.json
20260505T100244Z-69600410,rig-cli-bootstrap,local-fast,task-brief-tests,python3 scripts/test_task_brief_generator.py,passed,0,0.322,,.build/anigma-pipeline/runs/rig-cli-bootstrap/20260505T100244Z-69600410/logs/task-brief-tests.stdout.log,.build/anigma-pipeline/runs/rig-cli-bootstrap/20260505T100244Z-69600410/logs/task-brief-tests.stderr.log,.build/anigma-pipeline/runs/rig-cli-bootstrap/20260505T100244Z-69600410/step-results/task-brief-tests.json
20260505T100251Z-65772364,rig-agent-streaming-bootstrap,local-fast,atlas-check,python3 scripts/anigma_context_query.py --check,passed,0,2.069,,.build/anigma-pipeline/runs/rig-agent-streaming-bootstrap/20260505T100251Z-65772364/logs/atlas-check.stdout.log,.build/anigma-pipeline/runs/rig-agent-streaming-bootstrap/20260505T100251Z-65772364/logs/atlas-check.stderr.log,.build/anigma-pipeline/runs/rig-agent-streaming-bootstrap/20260505T100251Z-65772364/step-results/atlas-check.json
20260505T100251Z-65772364,rig-agent-streaming-bootstrap,local-fast,git-hygiene-status,python3 scripts/anigma_git_hygiene.py status,passed,0,0.459,,.build/anigma-pipeline/runs/rig-agent-streaming-bootstrap/20260505T100251Z-65772364/logs/git-hygiene-status.stdout.log,.build/anigma-pipeline/runs/rig-agent-streaming-bootstrap/20260505T100251Z-65772364/logs/git-hygiene-status.stderr.log,.build/anigma-pipeline/runs/rig-agent-streaming-bootstrap/20260505T100251Z-65772364/step-results/git-hygiene-status.json
20260505T100251Z-65772364,rig-agent-streaming-bootstrap,local-fast,py-compile,python3 -m py_compile scripts/anigma_pipeline.py scripts/anigma_validate_scope.py scripts/anigma_result_contract.py scripts/anigma_common/*.py,passed,0,0.05,,.build/anigma-pipeline/runs/rig-agent-streaming-bootstrap/20260505T100251Z-65772364/logs/py-compile.stdout.log,.build/anigma-pipeline/runs/rig-agent-streaming-bootstrap/20260505T100251Z-65772364/logs/py-compile.stderr.log,.build/anigma-pipeline/runs/rig-agent-streaming-bootstrap/20260505T100251Z-65772364/step-results/py-compile.json
20260505T100251Z-65772364,rig-agent-streaming-bootstrap,local-fast,task-brief-tests,python3 scripts/test_task_brief_generator.py,passed,0,0.562,,.build/anigma-pipeline/runs/rig-agent-streaming-bootstrap/20260505T100251Z-65772364/logs/task-brief-tests.stdout.log,.build/anigma-pipeline/runs/rig-agent-streaming-bootstrap/20260505T100251Z-65772364/logs/task-brief-tests.stderr.log,.build/anigma-pipeline/runs/rig-agent-streaming-bootstrap/20260505T100251Z-65772364/step-results/task-brief-tests.json
20260505T100251Z-e5a8ef8f,rig-agent-streaming-bootstrap,local-fast,atlas-check,python3 scripts/anigma_context_query.py --check,passed,0,2.07,,.build/anigma-pipeline/runs/rig-agent-streaming-bootstrap/20260505T100251Z-e5a8ef8f/logs/atlas-check.stdout.log,.build/anigma-pipeline/runs/rig-agent-streaming-bootstrap/20260505T100251Z-e5a8ef8f/logs/atlas-check.stderr.log,.build/anigma-pipeline/runs/rig-agent-streaming-bootstrap/20260505T100251Z-e5a8ef8f/step-results/atlas-check.json
20260505T100251Z-e5a8ef8f,rig-agent-streaming-bootstrap,local-fast,git-hygiene-status,python3 scripts/anigma_git_hygiene.py status,passed,0,0.461,,.build/anigma-pipeline/runs/rig-agent-streaming-bootstrap/20260505T100251Z-e5a8ef8f/logs/git-hygiene-status.stdout.log,.build/anigma-pipeline/runs/rig-agent-streaming-bootstrap/20260505T100251Z-e5a8ef8f/logs/git-hygiene-status.stderr.log,.build/anigma-pipeline/runs/rig-agent-streaming-bootstrap/20260505T100251Z-e5a8ef8f/step-results/git-hygiene-status.json
20260505T100251Z-e5a8ef8f,rig-agent-streaming-bootstrap,local-fast,py-compile,python3 -m py_compile scripts/anigma_pipeline.py scripts/anigma_validate_scope.py scripts/anigma_result_contract.py scripts/anigma_common/*.py,passed,0,0.05,,.build/anigma-pipeline/runs/rig-agent-streaming-bootstrap/20260505T100251Z-e5a8ef8f/logs/py-compile.stdout.log,.build/anigma-pipeline/runs/rig-agent-streaming-bootstrap/20260505T100251Z-e5a8ef8f/logs/py-compile.stderr.log,.build/anigma-pipeline/runs/rig-agent-streaming-bootstrap/20260505T100251Z-e5a8ef8f/step-results/py-compile.json
20260505T100251Z-e5a8ef8f,rig-agent-streaming-bootstrap,local-fast,task-brief-tests,python3 scripts/test_task_brief_generator.py,passed,0,0.561,,.build/anigma-pipeline/runs/rig-agent-streaming-bootstrap/20260505T100251Z-e5a8ef8f/logs/task-brief-tests.stdout.log,.build/anigma-pipeline/runs/rig-agent-streaming-bootstrap/20260505T100251Z-e5a8ef8f/logs/task-brief-tests.stderr.log,.build/anigma-pipeline/runs/rig-agent-streaming-bootstrap/20260505T100251Z-e5a8ef8f/step-results/task-brief-tests.json
20260505T101004Z-05f44b19,rig-cli-bootstrap,local-fast,atlas-check,python3 scripts/anigma_context_query.py --check,passed,0,1.314,,.build/anigma-pipeline/runs/rig-cli-bootstrap/20260505T101004Z-05f44b19/logs/atlas-check.stdout.log,.build/anigma-pipeline/runs/rig-cli-bootstrap/20260505T101004Z-05f44b19/logs/atlas-check.stderr.log,.build/anigma-pipeline/runs/rig-cli-bootstrap/20260505T101004Z-05f44b19/step-results/atlas-check.json
20260505T101004Z-05f44b19,rig-cli-bootstrap,local-fast,git-hygiene-status,python3 scripts/anigma_git_hygiene.py status,passed,0,0.378,,.build/anigma-pipeline/runs/rig-cli-bootstrap/20260505T101004Z-05f44b19/logs/git-hygiene-status.stdout.log,.build/anigma-pipeline/runs/rig-cli-bootstrap/20260505T101004Z-05f44b19/logs/git-hygiene-status.stderr.log,.build/anigma-pipeline/runs/rig-cli-bootstrap/20260505T101004Z-05f44b19/step-results/git-hygiene-status.json
20260505T101004Z-05f44b19,rig-cli-bootstrap,local-fast,py-compile,python3 -m py_compile scripts/anigma_pipeline.py scripts/anigma_validate_scope.py scripts/anigma_result_contract.py scripts/anigma_common/*.py,passed,0,0.047,,.build/anigma-pipeline/runs/rig-cli-bootstrap/20260505T101004Z-05f44b19/logs/py-compile.stdout.log,.build/anigma-pipeline/runs/rig-cli-bootstrap/20260505T101004Z-05f44b19/logs/py-compile.stderr.log,.build/anigma-pipeline/runs/rig-cli-bootstrap/20260505T101004Z-05f44b19/step-results/py-compile.json
20260505T101004Z-05f44b19,rig-cli-bootstrap,local-fast,task-brief-tests,python3 scripts/test_task_brief_generator.py,passed,0,0.301,,.build/anigma-pipeline/runs/rig-cli-bootstrap/20260505T101004Z-05f44b19/logs/task-brief-tests.stdout.log,.build/anigma-pipeline/runs/rig-cli-bootstrap/20260505T101004Z-05f44b19/logs/task-brief-tests.stderr.log,.build/anigma-pipeline/runs/rig-cli-bootstrap/20260505T101004Z-05f44b19/step-results/task-brief-tests.json
20260505T101009Z-e31776e2,rig-cli-bootstrap,local-fast,atlas-check,python3 scripts/anigma_context_query.py --check,passed,0,1.433,,.build/anigma-pipeline/runs/rig-cli-bootstrap/20260505T101009Z-e31776e2/logs/atlas-check.stdout.log,.build/anigma-pipeline/runs/rig-cli-bootstrap/20260505T101009Z-e31776e2/logs/atlas-check.stderr.log,.build/anigma-pipeline/runs/rig-cli-bootstrap/20260505T101009Z-e31776e2/step-results/atlas-check.json
20260505T101009Z-e31776e2,rig-cli-bootstrap,local-fast,git-hygiene-status,python3 scripts/anigma_git_hygiene.py status,passed,0,0.373,,.build/anigma-pipeline/runs/rig-cli-bootstrap/20260505T101009Z-e31776e2/logs/git-hygiene-status.stdout.log,.build/anigma-pipeline/runs/rig-cli-bootstrap/20260505T101009Z-e31776e2/logs/git-hygiene-status.stderr.log,.build/anigma-pipeline/runs/rig-cli-bootstrap/20260505T101009Z-e31776e2/step-results/git-hygiene-status.json
20260505T101009Z-e31776e2,rig-cli-bootstrap,local-fast,py-compile,python3 -m py_compile scripts/anigma_pipeline.py scripts/anigma_validate_scope.py scripts/anigma_result_contract.py scripts/anigma_common/*.py,passed,0,0.088,,.build/anigma-pipeline/runs/rig-cli-bootstrap/20260505T101009Z-e31776e2/logs/py-compile.stdout.log,.build/anigma-pipeline/runs/rig-cli-bootstrap/20260505T101009Z-e31776e2/logs/py-compile.stderr.log,.build/anigma-pipeline/runs/rig-cli-bootstrap/20260505T101009Z-e31776e2/step-results/py-compile.json
20260505T101009Z-e31776e2,rig-cli-bootstrap,local-fast,task-brief-tests,python3 scripts/test_task_brief_generator.py,passed,0,0.353,,.build/anigma-pipeline/runs/rig-cli-bootstrap/20260505T101009Z-e31776e2/logs/task-brief-tests.stdout.log,.build/anigma-pipeline/runs/rig-cli-bootstrap/20260505T101009Z-e31776e2/logs/task-brief-tests.stderr.log,.build/anigma-pipeline/runs/rig-cli-bootstrap/20260505T101009Z-e31776e2/step-results/task-brief-tests.json
20260505T101015Z-d7e44b3d,rig-result-ingestion-bootstrap,local-fast,atlas-check,python3 scripts/anigma_context_query.py --check,passed,0,1.619,,.build/anigma-pipeline/runs/rig-result-ingestion-bootstrap/20260505T101015Z-d7e44b3d/logs/atlas-check.stdout.log,.build/anigma-pipeline/runs/rig-result-ingestion-bootstrap/20260505T101015Z-d7e44b3d/logs/atlas-check.stderr.log,.build/anigma-pipeline/runs/rig-result-ingestion-bootstrap/20260505T101015Z-d7e44b3d/step-results/atlas-check.json
20260505T101015Z-d7e44b3d,rig-result-ingestion-bootstrap,local-fast,git-hygiene-status,python3 scripts/anigma_git_hygiene.py status,passed,0,0.415,,.build/anigma-pipeline/runs/rig-result-ingestion-bootstrap/20260505T101015Z-d7e44b3d/logs/git-hygiene-status.stdout.log,.build/anigma-pipeline/runs/rig-result-ingestion-bootstrap/20260505T101015Z-d7e44b3d/logs/git-hygiene-status.stderr.log,.build/anigma-pipeline/runs/rig-result-ingestion-bootstrap/20260505T101015Z-d7e44b3d/step-results/git-hygiene-status.json
20260505T101015Z-d7e44b3d,rig-result-ingestion-bootstrap,local-fast,py-compile,python3 -m py_compile scripts/anigma_pipeline.py scripts/anigma_validate_scope.py scripts/anigma_result_contract.py scripts/anigma_common/*.py,passed,0,0.053,,.build/anigma-pipeline/runs/rig-result-ingestion-bootstrap/20260505T101015Z-d7e44b3d/logs/py-compile.stdout.log,.build/anigma-pipeline/runs/rig-result-ingestion-bootstrap/20260505T101015Z-d7e44b3d/logs/py-compile.stderr.log,.build/anigma-pipeline/runs/rig-result-ingestion-bootstrap/20260505T101015Z-d7e44b3d/step-results/py-compile.json
20260505T101015Z-d7e44b3d,rig-result-ingestion-bootstrap,local-fast,task-brief-tests,python3 scripts/test_task_brief_generator.py,passed,0,0.37,,.build/anigma-pipeline/runs/rig-result-ingestion-bootstrap/20260505T101015Z-d7e44b3d/logs/task-brief-tests.stdout.log,.build/anigma-pipeline/runs/rig-result-ingestion-bootstrap/20260505T101015Z-d7e44b3d/logs/task-brief-tests.stderr.log,.build/anigma-pipeline/runs/rig-result-ingestion-bootstrap/20260505T101015Z-d7e44b3d/step-results/task-brief-tests.json
20260505T101035Z-d7feba79,rig-cli-bootstrap,local-fast,atlas-check,python3 scripts/anigma_context_query.py --check,passed,0,1.345,,.build/anigma-pipeline/runs/rig-cli-bootstrap/20260505T101035Z-d7feba79/logs/atlas-check.stdout.log,.build/anigma-pipeline/runs/rig-cli-bootstrap/20260505T101035Z-d7feba79/logs/atlas-check.stderr.log,.build/anigma-pipeline/runs/rig-cli-bootstrap/20260505T101035Z-d7feba79/step-results/atlas-check.json
20260505T101035Z-d7feba79,rig-cli-bootstrap,local-fast,git-hygiene-status,python3 scripts/anigma_git_hygiene.py status,passed,0,0.288,,.build/anigma-pipeline/runs/rig-cli-bootstrap/20260505T101035Z-d7feba79/logs/git-hygiene-status.stdout.log,.build/anigma-pipeline/runs/rig-cli-bootstrap/20260505T101035Z-d7feba79/logs/git-hygiene-status.stderr.log,.build/anigma-pipeline/runs/rig-cli-bootstrap/20260505T101035Z-d7feba79/step-results/git-hygiene-status.json
20260505T101035Z-d7feba79,rig-cli-bootstrap,local-fast,py-compile,python3 -m py_compile scripts/anigma_pipeline.py scripts/anigma_validate_scope.py scripts/anigma_result_contract.py scripts/anigma_common/*.py,passed,0,0.045,,.build/anigma-pipeline/runs/rig-cli-bootstrap/20260505T101035Z-d7feba79/logs/py-compile.stdout.log,.build/anigma-pipeline/runs/rig-cli-bootstrap/20260505T101035Z-d7feba79/logs/py-compile.stderr.log,.build/anigma-pipeline/runs/rig-cli-bootstrap/20260505T101035Z-d7feba79/step-results/py-compile.json
20260505T101035Z-d7feba79,rig-cli-bootstrap,local-fast,task-brief-tests,python3 scripts/test_task_brief_generator.py,passed,0,0.363,,.build/anigma-pipeline/runs/rig-cli-bootstrap/20260505T101035Z-d7feba79/logs/task-brief-tests.stdout.log,.build/anigma-pipeline/runs/rig-cli-bootstrap/20260505T101035Z-d7feba79/logs/task-brief-tests.stderr.log,.build/anigma-pipeline/runs/rig-cli-bootstrap/20260505T101035Z-d7feba79/step-results/task-brief-tests.json
20260505T101039Z-39f041f1,rig-cli-bootstrap,local-fast,atlas-check,python3 scripts/anigma_context_query.py --check,passed,0,1.572,,.build/anigma-pipeline/runs/rig-cli-bootstrap/20260505T101039Z-39f041f1/logs/atlas-check.stdout.log,.build/anigma-pipeline/runs/rig-cli-bootstrap/20260505T101039Z-39f041f1/logs/atlas-check.stderr.log,.build/anigma-pipeline/runs/rig-cli-bootstrap/20260505T101039Z-39f041f1/step-results/atlas-check.json
20260505T101039Z-39f041f1,rig-cli-bootstrap,local-fast,git-hygiene-status,python3 scripts/anigma_git_hygiene.py status,passed,0,0.351,,.build/anigma-pipeline/runs/rig-cli-bootstrap/20260505T101039Z-39f041f1/logs/git-hygiene-status.stdout.log,.build/anigma-pipeline/runs/rig-cli-bootstrap/20260505T101039Z-39f041f1/logs/git-hygiene-status.stderr.log,.build/anigma-pipeline/runs/rig-cli-bootstrap/20260505T101039Z-39f041f1/step-results/git-hygiene-status.json
20260505T101039Z-39f041f1,rig-cli-bootstrap,local-fast,py-compile,python3 -m py_compile scripts/anigma_pipeline.py scripts/anigma_validate_scope.py scripts/anigma_result_contract.py scripts/anigma_common/*.py,passed,0,0.066,,.build/anigma-pipeline/runs/rig-cli-bootstrap/20260505T101039Z-39f041f1/logs/py-compile.stdout.log,.build/anigma-pipeline/runs/rig-cli-bootstrap/20260505T101039Z-39f041f1/logs/py-compile.stderr.log,.build/anigma-pipeline/runs/rig-cli-bootstrap/20260505T101039Z-39f041f1/step-results/py-compile.json
20260505T101039Z-39f041f1,rig-cli-bootstrap,local-fast,task-brief-tests,python3 scripts/test_task_brief_generator.py,passed,0,0.462,,.build/anigma-pipeline/runs/rig-cli-bootstrap/20260505T101039Z-39f041f1/logs/task-brief-tests.stdout.log,.build/anigma-pipeline/runs/rig-cli-bootstrap/20260505T101039Z-39f041f1/logs/task-brief-tests.stderr.log,.build/anigma-pipeline/runs/rig-cli-bootstrap/20260505T101039Z-39f041f1/step-results/task-brief-tests.json
20260505T101110Z-11d9e801,rig-cli-bootstrap,local-fast,atlas-check,python3 scripts/anigma_context_query.py --check,passed,0,1.364,,.build/anigma-pipeline/runs/rig-cli-bootstrap/20260505T101110Z-11d9e801/logs/atlas-check.stdout.log,.build/anigma-pipeline/runs/rig-cli-bootstrap/20260505T101110Z-11d9e801/logs/atlas-check.stderr.log,.build/anigma-pipeline/runs/rig-cli-bootstrap/20260505T101110Z-11d9e801/step-results/atlas-check.json
20260505T101110Z-11d9e801,rig-cli-bootstrap,local-fast,git-hygiene-status,python3 scripts/anigma_git_hygiene.py status,passed,0,0.307,,.build/anigma-pipeline/runs/rig-cli-bootstrap/20260505T101110Z-11d9e801/logs/git-hygiene-status.stdout.log,.build/anigma-pipeline/runs/rig-cli-bootstrap/20260505T101110Z-11d9e801/logs/git-hygiene-status.stderr.log,.build/anigma-pipeline/runs/rig-cli-bootstrap/20260505T101110Z-11d9e801/step-results/git-hygiene-status.json
20260505T101110Z-11d9e801,rig-cli-bootstrap,local-fast,py-compile,python3 -m py_compile scripts/anigma_pipeline.py scripts/anigma_validate_scope.py scripts/anigma_result_contract.py scripts/anigma_common/*.py,passed,0,0.047,,.build/anigma-pipeline/runs/rig-cli-bootstrap/20260505T101110Z-11d9e801/logs/py-compile.stdout.log,.build/anigma-pipeline/runs/rig-cli-bootstrap/20260505T101110Z-11d9e801/logs/py-compile.stderr.log,.build/anigma-pipeline/runs/rig-cli-bootstrap/20260505T101110Z-11d9e801/step-results/py-compile.json
20260505T101110Z-11d9e801,rig-cli-bootstrap,local-fast,task-brief-tests,python3 scripts/test_task_brief_generator.py,passed,0,0.316,,.build/anigma-pipeline/runs/rig-cli-bootstrap/20260505T101110Z-11d9e801/logs/task-brief-tests.stdout.log,.build/anigma-pipeline/runs/rig-cli-bootstrap/20260505T101110Z-11d9e801/logs/task-brief-tests.stderr.log,.build/anigma-pipeline/runs/rig-cli-bootstrap/20260505T101110Z-11d9e801/step-results/task-brief-tests.json
20260505T101114Z-6d407c56,rig-cli-bootstrap,local-fast,atlas-check,python3 scripts/anigma_context_query.py --check,passed,0,1.383,,.build/anigma-pipeline/runs/rig-cli-bootstrap/20260505T101114Z-6d407c56/logs/atlas-check.stdout.log,.build/anigma-pipeline/runs/rig-cli-bootstrap/20260505T101114Z-6d407c56/logs/atlas-check.stderr.log,.build/anigma-pipeline/runs/rig-cli-bootstrap/20260505T101114Z-6d407c56/step-results/atlas-check.json
20260505T101114Z-6d407c56,rig-cli-bootstrap,local-fast,git-hygiene-status,python3 scripts/anigma_git_hygiene.py status,passed,0,0.277,,.build/anigma-pipeline/runs/rig-cli-bootstrap/20260505T101114Z-6d407c56/logs/git-hygiene-status.stdout.log,.build/anigma-pipeline/runs/rig-cli-bootstrap/20260505T101114Z-6d407c56/logs/git-hygiene-status.stderr.log,.build/anigma-pipeline/runs/rig-cli-bootstrap/20260505T101114Z-6d407c56/step-results/git-hygiene-status.json
20260505T101114Z-6d407c56,rig-cli-bootstrap,local-fast,py-compile,python3 -m py_compile scripts/anigma_pipeline.py scripts/anigma_validate_scope.py scripts/anigma_result_contract.py scripts/anigma_common/*.py,passed,0,0.043,,.build/anigma-pipeline/runs/rig-cli-bootstrap/20260505T101114Z-6d407c56/logs/py-compile.stdout.log,.build/anigma-pipeline/runs/rig-cli-bootstrap/20260505T101114Z-6d407c56/logs/py-compile.stderr.log,.build/anigma-pipeline/runs/rig-cli-bootstrap/20260505T101114Z-6d407c56/step-results/py-compile.json
20260505T101114Z-6d407c56,rig-cli-bootstrap,local-fast,task-brief-tests,python3 scripts/test_task_brief_generator.py,passed,0,0.325,,.build/anigma-pipeline/runs/rig-cli-bootstrap/20260505T101114Z-6d407c56/logs/task-brief-tests.stdout.log,.build/anigma-pipeline/runs/rig-cli-bootstrap/20260505T101114Z-6d407c56/logs/task-brief-tests.stderr.log,.build/anigma-pipeline/runs/rig-cli-bootstrap/20260505T101114Z-6d407c56/step-results/task-brief-tests.json
20260505T175737Z-a42d3a4e,rig-json-contract-schema-validation,local-fast,atlas-check,python3 scripts/anigma_context_query.py --check,passed,0,1.429,,.build/anigma-pipeline/runs/rig-json-contract-schema-validation/20260505T175737Z-a42d3a4e/logs/atlas-check.stdout.log,.build/anigma-pipeline/runs/rig-json-contract-schema-validation/20260505T175737Z-a42d3a4e/logs/atlas-check.stderr.log,.build/anigma-pipeline/runs/rig-json-contract-schema-validation/20260505T175737Z-a42d3a4e/step-results/atlas-check.json
20260505T175737Z-a42d3a4e,rig-json-contract-schema-validation,local-fast,git-hygiene-status,python3 scripts/anigma_git_hygiene.py status,passed,0,0.77,,.build/anigma-pipeline/runs/rig-json-contract-schema-validation/20260505T175737Z-a42d3a4e/logs/git-hygiene-status.stdout.log,.build/anigma-pipeline/runs/rig-json-contract-schema-validation/20260505T175737Z-a42d3a4e/logs/git-hygiene-status.stderr.log,.build/anigma-pipeline/runs/rig-json-contract-schema-validation/20260505T175737Z-a42d3a4e/step-results/git-hygiene-status.json
20260505T175737Z-a42d3a4e,rig-json-contract-schema-validation,local-fast,py-compile,python3 -m py_compile scripts/anigma_pipeline.py scripts/anigma_validate_scope.py scripts/anigma_result_contract.py scripts/anigma_common/*.py,passed,0,0.088,,.build/anigma-pipeline/runs/rig-json-contract-schema-validation/20260505T175737Z-a42d3a4e/logs/py-compile.stdout.log,.build/anigma-pipeline/runs/rig-json-contract-schema-validation/20260505T175737Z-a42d3a4e/logs/py-compile.stderr.log,.build/anigma-pipeline/runs/rig-json-contract-schema-validation/20260505T175737Z-a42d3a4e/step-results/py-compile.json
20260505T175737Z-a42d3a4e,rig-json-contract-schema-validation,local-fast,task-brief-tests,python3 scripts/test_task_brief_generator.py,passed,0,0.477,,.build/anigma-pipeline/runs/rig-json-contract-schema-validation/20260505T175737Z-a42d3a4e/logs/task-brief-tests.stdout.log,.build/anigma-pipeline/runs/rig-json-contract-schema-validation/20260505T175737Z-a42d3a4e/logs/task-brief-tests.stderr.log,.build/anigma-pipeline/runs/rig-json-contract-schema-validation/20260505T175737Z-a42d3a4e/step-results/task-brief-tests.json
20260505T175828Z-11da1a65,rig-cli-bootstrap,local-fast,atlas-check,python3 scripts/anigma_context_query.py --check,passed,0,1.319,,.build/anigma-pipeline/runs/rig-cli-bootstrap/20260505T175828Z-11da1a65/logs/atlas-check.stdout.log,.build/anigma-pipeline/runs/rig-cli-bootstrap/20260505T175828Z-11da1a65/logs/atlas-check.stderr.log,.build/anigma-pipeline/runs/rig-cli-bootstrap/20260505T175828Z-11da1a65/step-results/atlas-check.json
20260505T175828Z-11da1a65,rig-cli-bootstrap,local-fast,git-hygiene-status,python3 scripts/anigma_git_hygiene.py status,passed,0,0.306,,.build/anigma-pipeline/runs/rig-cli-bootstrap/20260505T175828Z-11da1a65/logs/git-hygiene-status.stdout.log,.build/anigma-pipeline/runs/rig-cli-bootstrap/20260505T175828Z-11da1a65/logs/git-hygiene-status.stderr.log,.build/anigma-pipeline/runs/rig-cli-bootstrap/20260505T175828Z-11da1a65/step-results/git-hygiene-status.json
20260505T175828Z-11da1a65,rig-cli-bootstrap,local-fast,py-compile,python3 -m py_compile scripts/anigma_pipeline.py scripts/anigma_validate_scope.py scripts/anigma_result_contract.py scripts/anigma_common/*.py,passed,0,0.049,,.build/anigma-pipeline/runs/rig-cli-bootstrap/20260505T175828Z-11da1a65/logs/py-compile.stdout.log,.build/anigma-pipeline/runs/rig-cli-bootstrap/20260505T175828Z-11da1a65/logs/py-compile.stderr.log,.build/anigma-pipeline/runs/rig-cli-bootstrap/20260505T175828Z-11da1a65/step-results/py-compile.json
20260505T175828Z-11da1a65,rig-cli-bootstrap,local-fast,task-brief-tests,python3 scripts/test_task_brief_generator.py,passed,0,0.319,,.build/anigma-pipeline/runs/rig-cli-bootstrap/20260505T175828Z-11da1a65/logs/task-brief-tests.stdout.log,.build/anigma-pipeline/runs/rig-cli-bootstrap/20260505T175828Z-11da1a65/logs/task-brief-tests.stderr.log,.build/anigma-pipeline/runs/rig-cli-bootstrap/20260505T175828Z-11da1a65/step-results/task-brief-tests.json
20260505T175833Z-be8d970e,rig-cli-bootstrap,local-fast,atlas-check,python3 scripts/anigma_context_query.py --check,passed,0,1.453,,.build/anigma-pipeline/runs/rig-cli-bootstrap/20260505T175833Z-be8d970e/logs/atlas-check.stdout.log,.build/anigma-pipeline/runs/rig-cli-bootstrap/20260505T175833Z-be8d970e/logs/atlas-check.stderr.log,.build/anigma-pipeline/runs/rig-cli-bootstrap/20260505T175833Z-be8d970e/step-results/atlas-check.json
20260505T175833Z-be8d970e,rig-cli-bootstrap,local-fast,git-hygiene-status,python3 scripts/anigma_git_hygiene.py status,passed,0,0.322,,.build/anigma-pipeline/runs/rig-cli-bootstrap/20260505T175833Z-be8d970e/logs/git-hygiene-status.stdout.log,.build/anigma-pipeline/runs/rig-cli-bootstrap/20260505T175833Z-be8d970e/logs/git-hygiene-status.stderr.log,.build/anigma-pipeline/runs/rig-cli-bootstrap/20260505T175833Z-be8d970e/step-results/git-hygiene-status.json
20260505T175833Z-be8d970e,rig-cli-bootstrap,local-fast,py-compile,python3 -m py_compile scripts/anigma_pipeline.py scripts/anigma_validate_scope.py scripts/anigma_result_contract.py scripts/anigma_common/*.py,passed,0,0.045,,.build/anigma-pipeline/runs/rig-cli-bootstrap/20260505T175833Z-be8d970e/logs/py-compile.stdout.log,.build/anigma-pipeline/runs/rig-cli-bootstrap/20260505T175833Z-be8d970e/logs/py-compile.stderr.log,.build/anigma-pipeline/runs/rig-cli-bootstrap/20260505T175833Z-be8d970e/step-results/py-compile.json
20260505T175833Z-be8d970e,rig-cli-bootstrap,local-fast,task-brief-tests,python3 scripts/test_task_brief_generator.py,passed,0,0.324,,.build/anigma-pipeline/runs/rig-cli-bootstrap/20260505T175833Z-be8d970e/logs/task-brief-tests.stdout.log,.build/anigma-pipeline/runs/rig-cli-bootstrap/20260505T175833Z-be8d970e/logs/task-brief-tests.stderr.log,.build/anigma-pipeline/runs/rig-cli-bootstrap/20260505T175833Z-be8d970e/step-results/task-brief-tests.json
20260505T180905Z-444c2720,rig-cli-bootstrap,local-fast,atlas-check,python3 scripts/anigma_context_query.py --check,passed,0,1.649,,.build/anigma-pipeline/runs/rig-cli-bootstrap/20260505T180905Z-444c2720/logs/atlas-check.stdout.log,.build/anigma-pipeline/runs/rig-cli-bootstrap/20260505T180905Z-444c2720/logs/atlas-check.stderr.log,.build/anigma-pipeline/runs/rig-cli-bootstrap/20260505T180905Z-444c2720/step-results/atlas-check.json
20260505T180905Z-444c2720,rig-cli-bootstrap,local-fast,git-hygiene-status,python3 scripts/anigma_git_hygiene.py status,passed,0,0.415,,.build/anigma-pipeline/runs/rig-cli-bootstrap/20260505T180905Z-444c2720/logs/git-hygiene-status.stdout.log,.build/anigma-pipeline/runs/rig-cli-bootstrap/20260505T180905Z-444c2720/logs/git-hygiene-status.stderr.log,.build/anigma-pipeline/runs/rig-cli-bootstrap/20260505T180905Z-444c2720/step-results/git-hygiene-status.json
20260505T180905Z-444c2720,rig-cli-bootstrap,local-fast,py-compile,python3 -m py_compile scripts/anigma_pipeline.py scripts/anigma_validate_scope.py scripts/anigma_result_contract.py scripts/anigma_common/*.py,passed,0,0.074,,.build/anigma-pipeline/runs/rig-cli-bootstrap/20260505T180905Z-444c2720/logs/py-compile.stdout.log,.build/anigma-pipeline/runs/rig-cli-bootstrap/20260505T180905Z-444c2720/logs/py-compile.stderr.log,.build/anigma-pipeline/runs/rig-cli-bootstrap/20260505T180905Z-444c2720/step-results/py-compile.json
20260505T180905Z-444c2720,rig-cli-bootstrap,local-fast,task-brief-tests,python3 scripts/test_task_brief_generator.py,passed,0,0.345,,.build/anigma-pipeline/runs/rig-cli-bootstrap/20260505T180905Z-444c2720/logs/task-brief-tests.stdout.log,.build/anigma-pipeline/runs/rig-cli-bootstrap/20260505T180905Z-444c2720/logs/task-brief-tests.stderr.log,.build/anigma-pipeline/runs/rig-cli-bootstrap/20260505T180905Z-444c2720/step-results/task-brief-tests.json
20260505T180911Z-e5be0fad,rig-cli-bootstrap,local-fast,atlas-check,python3 scripts/anigma_context_query.py --check,passed,0,1.67,,.build/anigma-pipeline/runs/rig-cli-bootstrap/20260505T180911Z-e5be0fad/logs/atlas-check.stdout.log,.build/anigma-pipeline/runs/rig-cli-bootstrap/20260505T180911Z-e5be0fad/logs/atlas-check.stderr.log,.build/anigma-pipeline/runs/rig-cli-bootstrap/20260505T180911Z-e5be0fad/step-results/atlas-check.json
20260505T180911Z-e5be0fad,rig-cli-bootstrap,local-fast,git-hygiene-status,python3 scripts/anigma_git_hygiene.py status,passed,0,0.379,,.build/anigma-pipeline/runs/rig-cli-bootstrap/20260505T180911Z-e5be0fad/logs/git-hygiene-status.stdout.log,.build/anigma-pipeline/runs/rig-cli-bootstrap/20260505T180911Z-e5be0fad/logs/git-hygiene-status.stderr.log,.build/anigma-pipeline/runs/rig-cli-bootstrap/20260505T180911Z-e5be0fad/step-results/git-hygiene-status.json
20260505T180911Z-e5be0fad,rig-cli-bootstrap,local-fast,py-compile,python3 -m py_compile scripts/anigma_pipeline.py scripts/anigma_validate_scope.py scripts/anigma_result_contract.py scripts/anigma_common/*.py,passed,0,0.073,,.build/anigma-pipeline/runs/rig-cli-bootstrap/20260505T180911Z-e5be0fad/logs/py-compile.stdout.log,.build/anigma-pipeline/runs/rig-cli-bootstrap/20260505T180911Z-e5be0fad/logs/py-compile.stderr.log,.build/anigma-pipeline/runs/rig-cli-bootstrap/20260505T180911Z-e5be0fad/step-results/py-compile.json
20260505T180911Z-e5be0fad,rig-cli-bootstrap,local-fast,task-brief-tests,python3 scripts/test_task_brief_generator.py,passed,0,0.292,,.build/anigma-pipeline/runs/rig-cli-bootstrap/20260505T180911Z-e5be0fad/logs/task-brief-tests.stdout.log,.build/anigma-pipeline/runs/rig-cli-bootstrap/20260505T180911Z-e5be0fad/logs/task-brief-tests.stderr.log,.build/anigma-pipeline/runs/rig-cli-bootstrap/20260505T180911Z-e5be0fad/step-results/task-brief-tests.json
20260505T180930Z-d01c2216,rig-agent-contract-hardening,local-fast,atlas-check,python3 scripts/anigma_context_query.py --check,passed,0,1.621,,.build/anigma-pipeline/runs/rig-agent-contract-hardening/20260505T180930Z-d01c2216/logs/atlas-check.stdout.log,.build/anigma-pipeline/runs/rig-agent-contract-hardening/20260505T180930Z-d01c2216/logs/atlas-check.stderr.log,.build/anigma-pipeline/runs/rig-agent-contract-hardening/20260505T180930Z-d01c2216/step-results/atlas-check.json
20260505T180930Z-d01c2216,rig-agent-contract-hardening,local-fast,git-hygiene-status,python3 scripts/anigma_git_hygiene.py status,passed,0,0.551,,.build/anigma-pipeline/runs/rig-agent-contract-hardening/20260505T180930Z-d01c2216/logs/git-hygiene-status.stdout.log,.build/anigma-pipeline/runs/rig-agent-contract-hardening/20260505T180930Z-d01c2216/logs/git-hygiene-status.stderr.log,.build/anigma-pipeline/runs/rig-agent-contract-hardening/20260505T180930Z-d01c2216/step-results/git-hygiene-status.json
20260505T180930Z-d01c2216,rig-agent-contract-hardening,local-fast,py-compile,python3 -m py_compile scripts/anigma_pipeline.py scripts/anigma_validate_scope.py scripts/anigma_result_contract.py scripts/anigma_common/*.py,passed,0,0.059,,.build/anigma-pipeline/runs/rig-agent-contract-hardening/20260505T180930Z-d01c2216/logs/py-compile.stdout.log,.build/anigma-pipeline/runs/rig-agent-contract-hardening/20260505T180930Z-d01c2216/logs/py-compile.stderr.log,.build/anigma-pipeline/runs/rig-agent-contract-hardening/20260505T180930Z-d01c2216/step-results/py-compile.json
20260505T180930Z-d01c2216,rig-agent-contract-hardening,local-fast,task-brief-tests,python3 scripts/test_task_brief_generator.py,passed,0,0.404,,.build/anigma-pipeline/runs/rig-agent-contract-hardening/20260505T180930Z-d01c2216/logs/task-brief-tests.stdout.log,.build/anigma-pipeline/runs/rig-agent-contract-hardening/20260505T180930Z-d01c2216/logs/task-brief-tests.stderr.log,.build/anigma-pipeline/runs/rig-agent-contract-hardening/20260505T180930Z-d01c2216/step-results/task-brief-tests.json
20260505T181001Z-3c309fbc,rig-agent-contract-hardening,local-fast,atlas-check,python3 scripts/anigma_context_query.py --check,passed,0,1.776,,.build/anigma-pipeline/runs/rig-agent-contract-hardening/20260505T181001Z-3c309fbc/logs/atlas-check.stdout.log,.build/anigma-pipeline/runs/rig-agent-contract-hardening/20260505T181001Z-3c309fbc/logs/atlas-check.stderr.log,.build/anigma-pipeline/runs/rig-agent-contract-hardening/20260505T181001Z-3c309fbc/step-results/atlas-check.json
20260505T181001Z-3c309fbc,rig-agent-contract-hardening,local-fast,git-hygiene-status,python3 scripts/anigma_git_hygiene.py status,passed,0,0.986,,.build/anigma-pipeline/runs/rig-agent-contract-hardening/20260505T181001Z-3c309fbc/logs/git-hygiene-status.stdout.log,.build/anigma-pipeline/runs/rig-agent-contract-hardening/20260505T181001Z-3c309fbc/logs/git-hygiene-status.stderr.log,.build/anigma-pipeline/runs/rig-agent-contract-hardening/20260505T181001Z-3c309fbc/step-results/git-hygiene-status.json
20260505T181001Z-3c309fbc,rig-agent-contract-hardening,local-fast,py-compile,python3 -m py_compile scripts/anigma_pipeline.py scripts/anigma_validate_scope.py scripts/anigma_result_contract.py scripts/anigma_common/*.py,passed,0,0.067,,.build/anigma-pipeline/runs/rig-agent-contract-hardening/20260505T181001Z-3c309fbc/logs/py-compile.stdout.log,.build/anigma-pipeline/runs/rig-agent-contract-hardening/20260505T181001Z-3c309fbc/logs/py-compile.stderr.log,.build/anigma-pipeline/runs/rig-agent-contract-hardening/20260505T181001Z-3c309fbc/step-results/py-compile.json
20260505T181001Z-3c309fbc,rig-agent-contract-hardening,local-fast,task-brief-tests,python3 scripts/test_task_brief_generator.py,passed,0,0.431,,.build/anigma-pipeline/runs/rig-agent-contract-hardening/20260505T181001Z-3c309fbc/logs/task-brief-tests.stdout.log,.build/anigma-pipeline/runs/rig-agent-contract-hardening/20260505T181001Z-3c309fbc/logs/task-brief-tests.stderr.log,.build/anigma-pipeline/runs/rig-agent-contract-hardening/20260505T181001Z-3c309fbc/step-results/task-brief-tests.json
20260505T182246Z-279913ea,td-cleanup-005,cleanup-review,atlas-build,python3 scripts/anigma_build_repo_atlas.py,passed,0,13.724,,.build/anigma-pipeline/runs/td-cleanup-005/20260505T182246Z-279913ea/logs/atlas-build.stdout.log,.build/anigma-pipeline/runs/td-cleanup-005/20260505T182246Z-279913ea/logs/atlas-build.stderr.log,.build/anigma-pipeline/runs/td-cleanup-005/20260505T182246Z-279913ea/step-results/atlas-build.json
20260505T182246Z-279913ea,td-cleanup-005,cleanup-review,atlas-check,python3 scripts/anigma_context_query.py --check,passed,0,0.681,,.build/anigma-pipeline/runs/td-cleanup-005/20260505T182246Z-279913ea/logs/atlas-check.stdout.log,.build/anigma-pipeline/runs/td-cleanup-005/20260505T182246Z-279913ea/logs/atlas-check.stderr.log,.build/anigma-pipeline/runs/td-cleanup-005/20260505T182246Z-279913ea/step-results/atlas-check.json
20260505T182246Z-279913ea,td-cleanup-005,cleanup-review,dead-code-gate,python3 scripts/anigma_dead_code_audit.py --mode gate --baseline Docs/baselines/dead-code-baseline.json,passed,0,14.907,,.build/anigma-pipeline/runs/td-cleanup-005/20260505T182246Z-279913ea/logs/dead-code-gate.stdout.log,.build/anigma-pipeline/runs/td-cleanup-005/20260505T182246Z-279913ea/logs/dead-code-gate.stderr.log,.build/anigma-pipeline/runs/td-cleanup-005/20260505T182246Z-279913ea/step-results/dead-code-gate.json
20260505T182246Z-279913ea,td-cleanup-005,cleanup-review,executable-gate,python3 scripts/anigma_executable_consolidation_audit.py --mode gate --baseline Docs/baselines/executable-consolidation-baseline.json --focus anigmad,passed,0,1.896,,.build/anigma-pipeline/runs/td-cleanup-005/20260505T182246Z-279913ea/logs/executable-gate.stdout.log,.build/anigma-pipeline/runs/td-cleanup-005/20260505T182246Z-279913ea/logs/executable-gate.stderr.log,.build/anigma-pipeline/runs/td-cleanup-005/20260505T182246Z-279913ea/step-results/executable-gate.json
20260505T182246Z-279913ea,td-cleanup-005,cleanup-review,scope-check,python3 scripts/anigma_validate_scope.py --task td-cleanup-005 --allowed-path scripts --allowed-path Docs --allow-empty,failed,1,0.225,,.build/anigma-pipeline/runs/td-cleanup-005/20260505T182246Z-279913ea/logs/scope-check.stdout.log,.build/anigma-pipeline/runs/td-cleanup-005/20260505T182246Z-279913ea/logs/scope-check.stderr.log,.build/anigma-pipeline/runs/td-cleanup-005/20260505T182246Z-279913ea/step-results/scope-check.json
20260505T195225Z-2b89b032,rig-cli-bootstrap,local-fast,atlas-check,python3 scripts/anigma_context_query.py --check,passed,0,0.637,,.build/anigma-pipeline/runs/rig-cli-bootstrap/20260505T195225Z-2b89b032/logs/atlas-check.stdout.log,.build/anigma-pipeline/runs/rig-cli-bootstrap/20260505T195225Z-2b89b032/logs/atlas-check.stderr.log,.build/anigma-pipeline/runs/rig-cli-bootstrap/20260505T195225Z-2b89b032/step-results/atlas-check.json
20260505T195225Z-2b89b032,rig-cli-bootstrap,local-fast,git-hygiene-status,python3 scripts/anigma_git_hygiene.py status,passed,0,0.373,,.build/anigma-pipeline/runs/rig-cli-bootstrap/20260505T195225Z-2b89b032/logs/git-hygiene-status.stdout.log,.build/anigma-pipeline/runs/rig-cli-bootstrap/20260505T195225Z-2b89b032/logs/git-hygiene-status.stderr.log,.build/anigma-pipeline/runs/rig-cli-bootstrap/20260505T195225Z-2b89b032/step-results/git-hygiene-status.json
20260505T195225Z-2b89b032,rig-cli-bootstrap,local-fast,py-compile,python3 -m py_compile scripts/anigma_pipeline.py scripts/anigma_validate_scope.py scripts/anigma_result_contract.py scripts/anigma_common/*.py,passed,0,0.05,,.build/anigma-pipeline/runs/rig-cli-bootstrap/20260505T195225Z-2b89b032/logs/py-compile.stdout.log,.build/anigma-pipeline/runs/rig-cli-bootstrap/20260505T195225Z-2b89b032/logs/py-compile.stderr.log,.build/anigma-pipeline/runs/rig-cli-bootstrap/20260505T195225Z-2b89b032/step-results/py-compile.json
20260505T195225Z-2b89b032,rig-cli-bootstrap,local-fast,task-brief-tests,python3 scripts/test_task_brief_generator.py,passed,0,0.308,,.build/anigma-pipeline/runs/rig-cli-bootstrap/20260505T195225Z-2b89b032/logs/task-brief-tests.stdout.log,.build/anigma-pipeline/runs/rig-cli-bootstrap/20260505T195225Z-2b89b032/logs/task-brief-tests.stderr.log,.build/anigma-pipeline/runs/rig-cli-bootstrap/20260505T195225Z-2b89b032/step-results/task-brief-tests.json
20260505T195254Z-5b7228fc,rig-cli-bootstrap,local-fast,atlas-check,python3 scripts/anigma_context_query.py --check,passed,0,0.604,,.build/anigma-pipeline/runs/rig-cli-bootstrap/20260505T195254Z-5b7228fc/logs/atlas-check.stdout.log,.build/anigma-pipeline/runs/rig-cli-bootstrap/20260505T195254Z-5b7228fc/logs/atlas-check.stderr.log,.build/anigma-pipeline/runs/rig-cli-bootstrap/20260505T195254Z-5b7228fc/step-results/atlas-check.json
20260505T195254Z-5b7228fc,rig-cli-bootstrap,local-fast,git-hygiene-status,python3 scripts/anigma_git_hygiene.py status,passed,0,0.331,,.build/anigma-pipeline/runs/rig-cli-bootstrap/20260505T195254Z-5b7228fc/logs/git-hygiene-status.stdout.log,.build/anigma-pipeline/runs/rig-cli-bootstrap/20260505T195254Z-5b7228fc/logs/git-hygiene-status.stderr.log,.build/anigma-pipeline/runs/rig-cli-bootstrap/20260505T195254Z-5b7228fc/step-results/git-hygiene-status.json
20260505T195254Z-5b7228fc,rig-cli-bootstrap,local-fast,py-compile,python3 -m py_compile scripts/anigma_pipeline.py scripts/anigma_validate_scope.py scripts/anigma_result_contract.py scripts/anigma_common/*.py,passed,0,0.049,,.build/anigma-pipeline/runs/rig-cli-bootstrap/20260505T195254Z-5b7228fc/logs/py-compile.stdout.log,.build/anigma-pipeline/runs/rig-cli-bootstrap/20260505T195254Z-5b7228fc/logs/py-compile.stderr.log,.build/anigma-pipeline/runs/rig-cli-bootstrap/20260505T195254Z-5b7228fc/step-results/py-compile.json
20260505T195254Z-5b7228fc,rig-cli-bootstrap,local-fast,task-brief-tests,python3 scripts/test_task_brief_generator.py,passed,0,0.295,,.build/anigma-pipeline/runs/rig-cli-bootstrap/20260505T195254Z-5b7228fc/logs/task-brief-tests.stdout.log,.build/anigma-pipeline/runs/rig-cli-bootstrap/20260505T195254Z-5b7228fc/logs/task-brief-tests.stderr.log,.build/anigma-pipeline/runs/rig-cli-bootstrap/20260505T195254Z-5b7228fc/step-results/task-brief-tests.json
20260505T195258Z-c86da8ae,rig-cli-bootstrap,local-fast,atlas-check,python3 scripts/anigma_context_query.py --check,passed,0,0.64,,.build/anigma-pipeline/runs/rig-cli-bootstrap/20260505T195258Z-c86da8ae/logs/atlas-check.stdout.log,.build/anigma-pipeline/runs/rig-cli-bootstrap/20260505T195258Z-c86da8ae/logs/atlas-check.stderr.log,.build/anigma-pipeline/runs/rig-cli-bootstrap/20260505T195258Z-c86da8ae/step-results/atlas-check.json
20260505T195258Z-c86da8ae,rig-cli-bootstrap,local-fast,git-hygiene-status,python3 scripts/anigma_git_hygiene.py status,passed,0,0.32,,.build/anigma-pipeline/runs/rig-cli-bootstrap/20260505T195258Z-c86da8ae/logs/git-hygiene-status.stdout.log,.build/anigma-pipeline/runs/rig-cli-bootstrap/20260505T195258Z-c86da8ae/logs/git-hygiene-status.stderr.log,.build/anigma-pipeline/runs/rig-cli-bootstrap/20260505T195258Z-c86da8ae/step-results/git-hygiene-status.json
20260505T195258Z-c86da8ae,rig-cli-bootstrap,local-fast,py-compile,python3 -m py_compile scripts/anigma_pipeline.py scripts/anigma_validate_scope.py scripts/anigma_result_contract.py scripts/anigma_common/*.py,passed,0,0.048,,.build/anigma-pipeline/runs/rig-cli-bootstrap/20260505T195258Z-c86da8ae/logs/py-compile.stdout.log,.build/anigma-pipeline/runs/rig-cli-bootstrap/20260505T195258Z-c86da8ae/logs/py-compile.stderr.log,.build/anigma-pipeline/runs/rig-cli-bootstrap/20260505T195258Z-c86da8ae/step-results/py-compile.json
20260505T195258Z-c86da8ae,rig-cli-bootstrap,local-fast,task-brief-tests,python3 scripts/test_task_brief_generator.py,passed,0,0.281,,.build/anigma-pipeline/runs/rig-cli-bootstrap/20260505T195258Z-c86da8ae/logs/task-brief-tests.stdout.log,.build/anigma-pipeline/runs/rig-cli-bootstrap/20260505T195258Z-c86da8ae/logs/task-brief-tests.stderr.log,.build/anigma-pipeline/runs/rig-cli-bootstrap/20260505T195258Z-c86da8ae/step-results/task-brief-tests.json
20260505T195300Z-ab2317ee,rig-monitor-tui-bootstrap,local-fast,atlas-check,python3 scripts/anigma_context_query.py --check,passed,0,0.671,,.build/anigma-pipeline/runs/rig-monitor-tui-bootstrap/20260505T195300Z-ab2317ee/logs/atlas-check.stdout.log,.build/anigma-pipeline/runs/rig-monitor-tui-bootstrap/20260505T195300Z-ab2317ee/logs/atlas-check.stderr.log,.build/anigma-pipeline/runs/rig-monitor-tui-bootstrap/20260505T195300Z-ab2317ee/step-results/atlas-check.json
20260505T195300Z-ab2317ee,rig-monitor-tui-bootstrap,local-fast,git-hygiene-status,python3 scripts/anigma_git_hygiene.py status,passed,0,0.313,,.build/anigma-pipeline/runs/rig-monitor-tui-bootstrap/20260505T195300Z-ab2317ee/logs/git-hygiene-status.stdout.log,.build/anigma-pipeline/runs/rig-monitor-tui-bootstrap/20260505T195300Z-ab2317ee/logs/git-hygiene-status.stderr.log,.build/anigma-pipeline/runs/rig-monitor-tui-bootstrap/20260505T195300Z-ab2317ee/step-results/git-hygiene-status.json
20260505T195300Z-ab2317ee,rig-monitor-tui-bootstrap,local-fast,py-compile,python3 -m py_compile scripts/anigma_pipeline.py scripts/anigma_validate_scope.py scripts/anigma_result_contract.py scripts/anigma_common/*.py,passed,0,0.053,,.build/anigma-pipeline/runs/rig-monitor-tui-bootstrap/20260505T195300Z-ab2317ee/logs/py-compile.stdout.log,.build/anigma-pipeline/runs/rig-monitor-tui-bootstrap/20260505T195300Z-ab2317ee/logs/py-compile.stderr.log,.build/anigma-pipeline/runs/rig-monitor-tui-bootstrap/20260505T195300Z-ab2317ee/step-results/py-compile.json
20260505T195300Z-ab2317ee,rig-monitor-tui-bootstrap,local-fast,task-brief-tests,python3 scripts/test_task_brief_generator.py,passed,0,0.282,,.build/anigma-pipeline/runs/rig-monitor-tui-bootstrap/20260505T195300Z-ab2317ee/logs/task-brief-tests.stdout.log,.build/anigma-pipeline/runs/rig-monitor-tui-bootstrap/20260505T195300Z-ab2317ee/logs/task-brief-tests.stderr.log,.build/anigma-pipeline/runs/rig-monitor-tui-bootstrap/20260505T195300Z-ab2317ee/step-results/task-brief-tests.json
20260505T195334Z-b039021c,rig-cli-bootstrap,local-fast,atlas-check,python3 scripts/anigma_context_query.py --check,passed,0,0.646,,.build/anigma-pipeline/runs/rig-cli-bootstrap/20260505T195334Z-b039021c/logs/atlas-check.stdout.log,.build/anigma-pipeline/runs/rig-cli-bootstrap/20260505T195334Z-b039021c/logs/atlas-check.stderr.log,.build/anigma-pipeline/runs/rig-cli-bootstrap/20260505T195334Z-b039021c/step-results/atlas-check.json
20260505T195334Z-b039021c,rig-cli-bootstrap,local-fast,git-hygiene-status,python3 scripts/anigma_git_hygiene.py status,passed,0,0.376,,.build/anigma-pipeline/runs/rig-cli-bootstrap/20260505T195334Z-b039021c/logs/git-hygiene-status.stdout.log,.build/anigma-pipeline/runs/rig-cli-bootstrap/20260505T195334Z-b039021c/logs/git-hygiene-status.stderr.log,.build/anigma-pipeline/runs/rig-cli-bootstrap/20260505T195334Z-b039021c/step-results/git-hygiene-status.json
20260505T195334Z-b039021c,rig-cli-bootstrap,local-fast,py-compile,python3 -m py_compile scripts/anigma_pipeline.py scripts/anigma_validate_scope.py scripts/anigma_result_contract.py scripts/anigma_common/*.py,passed,0,0.055,,.build/anigma-pipeline/runs/rig-cli-bootstrap/20260505T195334Z-b039021c/logs/py-compile.stdout.log,.build/anigma-pipeline/runs/rig-cli-bootstrap/20260505T195334Z-b039021c/logs/py-compile.stderr.log,.build/anigma-pipeline/runs/rig-cli-bootstrap/20260505T195334Z-b039021c/step-results/py-compile.json
20260505T195334Z-b039021c,rig-cli-bootstrap,local-fast,task-brief-tests,python3 scripts/test_task_brief_generator.py,passed,0,0.42,,.build/anigma-pipeline/runs/rig-cli-bootstrap/20260505T195334Z-b039021c/logs/task-brief-tests.stdout.log,.build/anigma-pipeline/runs/rig-cli-bootstrap/20260505T195334Z-b039021c/logs/task-brief-tests.stderr.log,.build/anigma-pipeline/runs/rig-cli-bootstrap/20260505T195334Z-b039021c/step-results/task-brief-tests.json
20260505T195340Z-0181fc66,rig-cli-bootstrap,local-fast,atlas-check,python3 scripts/anigma_context_query.py --check,passed,0,0.665,,.build/anigma-pipeline/runs/rig-cli-bootstrap/20260505T195340Z-0181fc66/logs/atlas-check.stdout.log,.build/anigma-pipeline/runs/rig-cli-bootstrap/20260505T195340Z-0181fc66/logs/atlas-check.stderr.log,.build/anigma-pipeline/runs/rig-cli-bootstrap/20260505T195340Z-0181fc66/step-results/atlas-check.json
20260505T195340Z-0181fc66,rig-cli-bootstrap,local-fast,git-hygiene-status,python3 scripts/anigma_git_hygiene.py status,passed,0,0.324,,.build/anigma-pipeline/runs/rig-cli-bootstrap/20260505T195340Z-0181fc66/logs/git-hygiene-status.stdout.log,.build/anigma-pipeline/runs/rig-cli-bootstrap/20260505T195340Z-0181fc66/logs/git-hygiene-status.stderr.log,.build/anigma-pipeline/runs/rig-cli-bootstrap/20260505T195340Z-0181fc66/step-results/git-hygiene-status.json
20260505T195340Z-0181fc66,rig-cli-bootstrap,local-fast,py-compile,python3 -m py_compile scripts/anigma_pipeline.py scripts/anigma_validate_scope.py scripts/anigma_result_contract.py scripts/anigma_common/*.py,passed,0,0.055,,.build/anigma-pipeline/runs/rig-cli-bootstrap/20260505T195340Z-0181fc66/logs/py-compile.stdout.log,.build/anigma-pipeline/runs/rig-cli-bootstrap/20260505T195340Z-0181fc66/logs/py-compile.stderr.log,.build/anigma-pipeline/runs/rig-cli-bootstrap/20260505T195340Z-0181fc66/step-results/py-compile.json
20260505T195340Z-0181fc66,rig-cli-bootstrap,local-fast,task-brief-tests,python3 scripts/test_task_brief_generator.py,passed,0,0.275,,.build/anigma-pipeline/runs/rig-cli-bootstrap/20260505T195340Z-0181fc66/logs/task-brief-tests.stdout.log,.build/anigma-pipeline/runs/rig-cli-bootstrap/20260505T195340Z-0181fc66/logs/task-brief-tests.stderr.log,.build/anigma-pipeline/runs/rig-cli-bootstrap/20260505T195340Z-0181fc66/step-results/task-brief-tests.json
20260505T200139Z-86964761,rig-session-review-bundle-bootstrap,local-fast,atlas-check,python3 scripts/anigma_context_query.py --check,passed,0,0.771,,.build/anigma-pipeline/runs/rig-session-review-bundle-bootstrap/20260505T200139Z-86964761/logs/atlas-check.stdout.log,.build/anigma-pipeline/runs/rig-session-review-bundle-bootstrap/20260505T200139Z-86964761/logs/atlas-check.stderr.log,.build/anigma-pipeline/runs/rig-session-review-bundle-bootstrap/20260505T200139Z-86964761/step-results/atlas-check.json
20260505T200139Z-86964761,rig-session-review-bundle-bootstrap,local-fast,git-hygiene-status,python3 scripts/anigma_git_hygiene.py status,passed,0,0.411,,.build/anigma-pipeline/runs/rig-session-review-bundle-bootstrap/20260505T200139Z-86964761/logs/git-hygiene-status.stdout.log,.build/anigma-pipeline/runs/rig-session-review-bundle-bootstrap/20260505T200139Z-86964761/logs/git-hygiene-status.stderr.log,.build/anigma-pipeline/runs/rig-session-review-bundle-bootstrap/20260505T200139Z-86964761/step-results/git-hygiene-status.json
20260505T200139Z-86964761,rig-session-review-bundle-bootstrap,local-fast,py-compile,python3 -m py_compile scripts/anigma_pipeline.py scripts/anigma_validate_scope.py scripts/anigma_result_contract.py scripts/anigma_common/*.py,passed,0,0.05,,.build/anigma-pipeline/runs/rig-session-review-bundle-bootstrap/20260505T200139Z-86964761/logs/py-compile.stdout.log,.build/anigma-pipeline/runs/rig-session-review-bundle-bootstrap/20260505T200139Z-86964761/logs/py-compile.stderr.log,.build/anigma-pipeline/runs/rig-session-review-bundle-bootstrap/20260505T200139Z-86964761/step-results/py-compile.json
20260505T200139Z-86964761,rig-session-review-bundle-bootstrap,local-fast,task-brief-tests,python3 scripts/test_task_brief_generator.py,passed,0,0.263,,.build/anigma-pipeline/runs/rig-session-review-bundle-bootstrap/20260505T200139Z-86964761/logs/task-brief-tests.stdout.log,.build/anigma-pipeline/runs/rig-session-review-bundle-bootstrap/20260505T200139Z-86964761/logs/task-brief-tests.stderr.log,.build/anigma-pipeline/runs/rig-session-review-bundle-bootstrap/20260505T200139Z-86964761/step-results/task-brief-tests.json
20260505T200612Z-95efcecb,rig-cli-bootstrap,local-fast,atlas-check,python3 scripts/anigma_context_query.py --check,passed,0,0.586,,.build/anigma-pipeline/runs/rig-cli-bootstrap/20260505T200612Z-95efcecb/logs/atlas-check.stdout.log,.build/anigma-pipeline/runs/rig-cli-bootstrap/20260505T200612Z-95efcecb/logs/atlas-check.stderr.log,.build/anigma-pipeline/runs/rig-cli-bootstrap/20260505T200612Z-95efcecb/step-results/atlas-check.json
20260505T200612Z-95efcecb,rig-cli-bootstrap,local-fast,git-hygiene-status,python3 scripts/anigma_git_hygiene.py status,passed,0,0.324,,.build/anigma-pipeline/runs/rig-cli-bootstrap/20260505T200612Z-95efcecb/logs/git-hygiene-status.stdout.log,.build/anigma-pipeline/runs/rig-cli-bootstrap/20260505T200612Z-95efcecb/logs/git-hygiene-status.stderr.log,.build/anigma-pipeline/runs/rig-cli-bootstrap/20260505T200612Z-95efcecb/step-results/git-hygiene-status.json
20260505T200612Z-95efcecb,rig-cli-bootstrap,local-fast,py-compile,python3 -m py_compile scripts/anigma_pipeline.py scripts/anigma_validate_scope.py scripts/anigma_result_contract.py scripts/anigma_common/*.py,passed,0,0.049,,.build/anigma-pipeline/runs/rig-cli-bootstrap/20260505T200612Z-95efcecb/logs/py-compile.stdout.log,.build/anigma-pipeline/runs/rig-cli-bootstrap/20260505T200612Z-95efcecb/logs/py-compile.stderr.log,.build/anigma-pipeline/runs/rig-cli-bootstrap/20260505T200612Z-95efcecb/step-results/py-compile.json
20260505T200612Z-95efcecb,rig-cli-bootstrap,local-fast,task-brief-tests,python3 scripts/test_task_brief_generator.py,passed,0,0.28,,.build/anigma-pipeline/runs/rig-cli-bootstrap/20260505T200612Z-95efcecb/logs/task-brief-tests.stdout.log,.build/anigma-pipeline/runs/rig-cli-bootstrap/20260505T200612Z-95efcecb/logs/task-brief-tests.stderr.log,.build/anigma-pipeline/runs/rig-cli-bootstrap/20260505T200612Z-95efcecb/step-results/task-brief-tests.json
20260505T200617Z-701e5e81,rig-cli-bootstrap,local-fast,atlas-check,python3 scripts/anigma_context_query.py --check,passed,0,0.607,,.build/anigma-pipeline/runs/rig-cli-bootstrap/20260505T200617Z-701e5e81/logs/atlas-check.stdout.log,.build/anigma-pipeline/runs/rig-cli-bootstrap/20260505T200617Z-701e5e81/logs/atlas-check.stderr.log,.build/anigma-pipeline/runs/rig-cli-bootstrap/20260505T200617Z-701e5e81/step-results/atlas-check.json
20260505T200617Z-701e5e81,rig-cli-bootstrap,local-fast,git-hygiene-status,python3 scripts/anigma_git_hygiene.py status,passed,0,0.31,,.build/anigma-pipeline/runs/rig-cli-bootstrap/20260505T200617Z-701e5e81/logs/git-hygiene-status.stdout.log,.build/anigma-pipeline/runs/rig-cli-bootstrap/20260505T200617Z-701e5e81/logs/git-hygiene-status.stderr.log,.build/anigma-pipeline/runs/rig-cli-bootstrap/20260505T200617Z-701e5e81/step-results/git-hygiene-status.json
20260505T200617Z-701e5e81,rig-cli-bootstrap,local-fast,py-compile,python3 -m py_compile scripts/anigma_pipeline.py scripts/anigma_validate_scope.py scripts/anigma_result_contract.py scripts/anigma_common/*.py,passed,0,0.051,,.build/anigma-pipeline/runs/rig-cli-bootstrap/20260505T200617Z-701e5e81/logs/py-compile.stdout.log,.build/anigma-pipeline/runs/rig-cli-bootstrap/20260505T200617Z-701e5e81/logs/py-compile.stderr.log,.build/anigma-pipeline/runs/rig-cli-bootstrap/20260505T200617Z-701e5e81/step-results/py-compile.json
20260505T200617Z-701e5e81,rig-cli-bootstrap,local-fast,task-brief-tests,python3 scripts/test_task_brief_generator.py,passed,0,0.267,,.build/anigma-pipeline/runs/rig-cli-bootstrap/20260505T200617Z-701e5e81/logs/task-brief-tests.stdout.log,.build/anigma-pipeline/runs/rig-cli-bootstrap/20260505T200617Z-701e5e81/logs/task-brief-tests.stderr.log,.build/anigma-pipeline/runs/rig-cli-bootstrap/20260505T200617Z-701e5e81/step-results/task-brief-tests.json
20260505T200708Z-b77d50d2,rig-cli-bootstrap,local-fast,atlas-check,python3 scripts/anigma_context_query.py --check,passed,0,0.643,,.build/anigma-pipeline/runs/rig-cli-bootstrap/20260505T200708Z-b77d50d2/logs/atlas-check.stdout.log,.build/anigma-pipeline/runs/rig-cli-bootstrap/20260505T200708Z-b77d50d2/logs/atlas-check.stderr.log,.build/anigma-pipeline/runs/rig-cli-bootstrap/20260505T200708Z-b77d50d2/step-results/atlas-check.json
20260505T200708Z-b77d50d2,rig-cli-bootstrap,local-fast,git-hygiene-status,python3 scripts/anigma_git_hygiene.py status,passed,0,0.369,,.build/anigma-pipeline/runs/rig-cli-bootstrap/20260505T200708Z-b77d50d2/logs/git-hygiene-status.stdout.log,.build/anigma-pipeline/runs/rig-cli-bootstrap/20260505T200708Z-b77d50d2/logs/git-hygiene-status.stderr.log,.build/anigma-pipeline/runs/rig-cli-bootstrap/20260505T200708Z-b77d50d2/step-results/git-hygiene-status.json
20260505T200708Z-b77d50d2,rig-cli-bootstrap,local-fast,py-compile,python3 -m py_compile scripts/anigma_pipeline.py scripts/anigma_validate_scope.py scripts/anigma_result_contract.py scripts/anigma_common/*.py,passed,0,0.052,,.build/anigma-pipeline/runs/rig-cli-bootstrap/20260505T200708Z-b77d50d2/logs/py-compile.stdout.log,.build/anigma-pipeline/runs/rig-cli-bootstrap/20260505T200708Z-b77d50d2/logs/py-compile.stderr.log,.build/anigma-pipeline/runs/rig-cli-bootstrap/20260505T200708Z-b77d50d2/step-results/py-compile.json
20260505T200708Z-b77d50d2,rig-cli-bootstrap,local-fast,task-brief-tests,python3 scripts/test_task_brief_generator.py,passed,0,0.311,,.build/anigma-pipeline/runs/rig-cli-bootstrap/20260505T200708Z-b77d50d2/logs/task-brief-tests.stdout.log,.build/anigma-pipeline/runs/rig-cli-bootstrap/20260505T200708Z-b77d50d2/logs/task-brief-tests.stderr.log,.build/anigma-pipeline/runs/rig-cli-bootstrap/20260505T200708Z-b77d50d2/step-results/task-brief-tests.json
20260505T200713Z-6c91bfa3,rig-cli-bootstrap,local-fast,atlas-check,python3 scripts/anigma_context_query.py --check,passed,0,0.613,,.build/anigma-pipeline/runs/rig-cli-bootstrap/20260505T200713Z-6c91bfa3/logs/atlas-check.stdout.log,.build/anigma-pipeline/runs/rig-cli-bootstrap/20260505T200713Z-6c91bfa3/logs/atlas-check.stderr.log,.build/anigma-pipeline/runs/rig-cli-bootstrap/20260505T200713Z-6c91bfa3/step-results/atlas-check.json
20260505T200713Z-6c91bfa3,rig-cli-bootstrap,local-fast,git-hygiene-status,python3 scripts/anigma_git_hygiene.py status,passed,0,0.329,,.build/anigma-pipeline/runs/rig-cli-bootstrap/20260505T200713Z-6c91bfa3/logs/git-hygiene-status.stdout.log,.build/anigma-pipeline/runs/rig-cli-bootstrap/20260505T200713Z-6c91bfa3/logs/git-hygiene-status.stderr.log,.build/anigma-pipeline/runs/rig-cli-bootstrap/20260505T200713Z-6c91bfa3/step-results/git-hygiene-status.json
20260505T200713Z-6c91bfa3,rig-cli-bootstrap,local-fast,py-compile,python3 -m py_compile scripts/anigma_pipeline.py scripts/anigma_validate_scope.py scripts/anigma_result_contract.py scripts/anigma_common/*.py,passed,0,0.056,,.build/anigma-pipeline/runs/rig-cli-bootstrap/20260505T200713Z-6c91bfa3/logs/py-compile.stdout.log,.build/anigma-pipeline/runs/rig-cli-bootstrap/20260505T200713Z-6c91bfa3/logs/py-compile.stderr.log,.build/anigma-pipeline/runs/rig-cli-bootstrap/20260505T200713Z-6c91bfa3/step-results/py-compile.json
20260505T200713Z-6c91bfa3,rig-cli-bootstrap,local-fast,task-brief-tests,python3 scripts/test_task_brief_generator.py,passed,0,0.29,,.build/anigma-pipeline/runs/rig-cli-bootstrap/20260505T200713Z-6c91bfa3/logs/task-brief-tests.stdout.log,.build/anigma-pipeline/runs/rig-cli-bootstrap/20260505T200713Z-6c91bfa3/logs/task-brief-tests.stderr.log,.build/anigma-pipeline/runs/rig-cli-bootstrap/20260505T200713Z-6c91bfa3/step-results/task-brief-tests.json
20260505T201643Z-8266c6b8,rig-cli-bootstrap,local-fast,atlas-check,python3 scripts/anigma_context_query.py --check,passed,0,0.91,,.build/anigma-pipeline/runs/rig-cli-bootstrap/20260505T201643Z-8266c6b8/logs/atlas-check.stdout.log,.build/anigma-pipeline/runs/rig-cli-bootstrap/20260505T201643Z-8266c6b8/logs/atlas-check.stderr.log,.build/anigma-pipeline/runs/rig-cli-bootstrap/20260505T201643Z-8266c6b8/step-results/atlas-check.json
20260505T201643Z-8266c6b8,rig-cli-bootstrap,local-fast,git-hygiene-status,python3 scripts/anigma_git_hygiene.py status,passed,0,0.452,,.build/anigma-pipeline/runs/rig-cli-bootstrap/20260505T201643Z-8266c6b8/logs/git-hygiene-status.stdout.log,.build/anigma-pipeline/runs/rig-cli-bootstrap/20260505T201643Z-8266c6b8/logs/git-hygiene-status.stderr.log,.build/anigma-pipeline/runs/rig-cli-bootstrap/20260505T201643Z-8266c6b8/step-results/git-hygiene-status.json
20260505T201643Z-8266c6b8,rig-cli-bootstrap,local-fast,py-compile,python3 -m py_compile scripts/anigma_pipeline.py scripts/anigma_validate_scope.py scripts/anigma_result_contract.py scripts/anigma_common/*.py,passed,0,0.078,,.build/anigma-pipeline/runs/rig-cli-bootstrap/20260505T201643Z-8266c6b8/logs/py-compile.stdout.log,.build/anigma-pipeline/runs/rig-cli-bootstrap/20260505T201643Z-8266c6b8/logs/py-compile.stderr.log,.build/anigma-pipeline/runs/rig-cli-bootstrap/20260505T201643Z-8266c6b8/step-results/py-compile.json
20260505T201643Z-8266c6b8,rig-cli-bootstrap,local-fast,task-brief-tests,python3 scripts/test_task_brief_generator.py,passed,0,0.387,,.build/anigma-pipeline/runs/rig-cli-bootstrap/20260505T201643Z-8266c6b8/logs/task-brief-tests.stdout.log,.build/anigma-pipeline/runs/rig-cli-bootstrap/20260505T201643Z-8266c6b8/logs/task-brief-tests.stderr.log,.build/anigma-pipeline/runs/rig-cli-bootstrap/20260505T201643Z-8266c6b8/step-results/task-brief-tests.json
20260505T201649Z-566bb11e,rig-cli-bootstrap,local-fast,atlas-check,python3 scripts/anigma_context_query.py --check,passed,0,0.761,,.build/anigma-pipeline/runs/rig-cli-bootstrap/20260505T201649Z-566bb11e/logs/atlas-check.stdout.log,.build/anigma-pipeline/runs/rig-cli-bootstrap/20260505T201649Z-566bb11e/logs/atlas-check.stderr.log,.build/anigma-pipeline/runs/rig-cli-bootstrap/20260505T201649Z-566bb11e/step-results/atlas-check.json
20260505T201649Z-566bb11e,rig-cli-bootstrap,local-fast,git-hygiene-status,python3 scripts/anigma_git_hygiene.py status,passed,0,0.452,,.build/anigma-pipeline/runs/rig-cli-bootstrap/20260505T201649Z-566bb11e/logs/git-hygiene-status.stdout.log,.build/anigma-pipeline/runs/rig-cli-bootstrap/20260505T201649Z-566bb11e/logs/git-hygiene-status.stderr.log,.build/anigma-pipeline/runs/rig-cli-bootstrap/20260505T201649Z-566bb11e/step-results/git-hygiene-status.json
20260505T201649Z-566bb11e,rig-cli-bootstrap,local-fast,py-compile,python3 -m py_compile scripts/anigma_pipeline.py scripts/anigma_validate_scope.py scripts/anigma_result_contract.py scripts/anigma_common/*.py,passed,0,0.069,,.build/anigma-pipeline/runs/rig-cli-bootstrap/20260505T201649Z-566bb11e/logs/py-compile.stdout.log,.build/anigma-pipeline/runs/rig-cli-bootstrap/20260505T201649Z-566bb11e/logs/py-compile.stderr.log,.build/anigma-pipeline/runs/rig-cli-bootstrap/20260505T201649Z-566bb11e/step-results/py-compile.json
20260505T201649Z-566bb11e,rig-cli-bootstrap,local-fast,task-brief-tests,python3 scripts/test_task_brief_generator.py,passed,0,0.387,,.build/anigma-pipeline/runs/rig-cli-bootstrap/20260505T201649Z-566bb11e/logs/task-brief-tests.stdout.log,.build/anigma-pipeline/runs/rig-cli-bootstrap/20260505T201649Z-566bb11e/logs/task-brief-tests.stderr.log,.build/anigma-pipeline/runs/rig-cli-bootstrap/20260505T201649Z-566bb11e/step-results/task-brief-tests.json
20260505T202818Z-d6631c3d,rig-cli-bootstrap,local-fast,atlas-check,python3 scripts/anigma_context_query.py --check,passed,0,0.998,,.build/anigma-pipeline/runs/rig-cli-bootstrap/20260505T202818Z-d6631c3d/logs/atlas-check.stdout.log,.build/anigma-pipeline/runs/rig-cli-bootstrap/20260505T202818Z-d6631c3d/logs/atlas-check.stderr.log,.build/anigma-pipeline/runs/rig-cli-bootstrap/20260505T202818Z-d6631c3d/step-results/atlas-check.json
20260505T202818Z-d6631c3d,rig-cli-bootstrap,local-fast,git-hygiene-status,python3 scripts/anigma_git_hygiene.py status,passed,0,0.466,,.build/anigma-pipeline/runs/rig-cli-bootstrap/20260505T202818Z-d6631c3d/logs/git-hygiene-status.stdout.log,.build/anigma-pipeline/runs/rig-cli-bootstrap/20260505T202818Z-d6631c3d/logs/git-hygiene-status.stderr.log,.build/anigma-pipeline/runs/rig-cli-bootstrap/20260505T202818Z-d6631c3d/step-results/git-hygiene-status.json
20260505T202818Z-d6631c3d,rig-cli-bootstrap,local-fast,py-compile,python3 -m py_compile scripts/anigma_pipeline.py scripts/anigma_validate_scope.py scripts/anigma_result_contract.py scripts/anigma_common/*.py,passed,0,0.051,,.build/anigma-pipeline/runs/rig-cli-bootstrap/20260505T202818Z-d6631c3d/logs/py-compile.stdout.log,.build/anigma-pipeline/runs/rig-cli-bootstrap/20260505T202818Z-d6631c3d/logs/py-compile.stderr.log,.build/anigma-pipeline/runs/rig-cli-bootstrap/20260505T202818Z-d6631c3d/step-results/py-compile.json
20260505T202818Z-d6631c3d,rig-cli-bootstrap,local-fast,task-brief-tests,python3 scripts/test_task_brief_generator.py,passed,0,0.281,,.build/anigma-pipeline/runs/rig-cli-bootstrap/20260505T202818Z-d6631c3d/logs/task-brief-tests.stdout.log,.build/anigma-pipeline/runs/rig-cli-bootstrap/20260505T202818Z-d6631c3d/logs/task-brief-tests.stderr.log,.build/anigma-pipeline/runs/rig-cli-bootstrap/20260505T202818Z-d6631c3d/step-results/task-brief-tests.json
20260505T202827Z-42dad90c,rig-cli-bootstrap,local-fast,atlas-check,python3 scripts/anigma_context_query.py --check,passed,0,0.675,,.build/anigma-pipeline/runs/rig-cli-bootstrap/20260505T202827Z-42dad90c/logs/atlas-check.stdout.log,.build/anigma-pipeline/runs/rig-cli-bootstrap/20260505T202827Z-42dad90c/logs/atlas-check.stderr.log,.build/anigma-pipeline/runs/rig-cli-bootstrap/20260505T202827Z-42dad90c/step-results/atlas-check.json
20260505T202827Z-42dad90c,rig-cli-bootstrap,local-fast,git-hygiene-status,python3 scripts/anigma_git_hygiene.py status,passed,0,0.497,,.build/anigma-pipeline/runs/rig-cli-bootstrap/20260505T202827Z-42dad90c/logs/git-hygiene-status.stdout.log,.build/anigma-pipeline/runs/rig-cli-bootstrap/20260505T202827Z-42dad90c/logs/git-hygiene-status.stderr.log,.build/anigma-pipeline/runs/rig-cli-bootstrap/20260505T202827Z-42dad90c/step-results/git-hygiene-status.json
20260505T202827Z-42dad90c,rig-cli-bootstrap,local-fast,py-compile,python3 -m py_compile scripts/anigma_pipeline.py scripts/anigma_validate_scope.py scripts/anigma_result_contract.py scripts/anigma_common/*.py,passed,0,0.067,,.build/anigma-pipeline/runs/rig-cli-bootstrap/20260505T202827Z-42dad90c/logs/py-compile.stdout.log,.build/anigma-pipeline/runs/rig-cli-bootstrap/20260505T202827Z-42dad90c/logs/py-compile.stderr.log,.build/anigma-pipeline/runs/rig-cli-bootstrap/20260505T202827Z-42dad90c/step-results/py-compile.json
20260505T202827Z-42dad90c,rig-cli-bootstrap,local-fast,task-brief-tests,python3 scripts/test_task_brief_generator.py,passed,0,0.445,,.build/anigma-pipeline/runs/rig-cli-bootstrap/20260505T202827Z-42dad90c/logs/task-brief-tests.stdout.log,.build/anigma-pipeline/runs/rig-cli-bootstrap/20260505T202827Z-42dad90c/logs/task-brief-tests.stderr.log,.build/anigma-pipeline/runs/rig-cli-bootstrap/20260505T202827Z-42dad90c/step-results/task-brief-tests.json
20260505T202838Z-7ffc6714,rig-notifications-bootstrap,local-fast,atlas-check,python3 scripts/anigma_context_query.py --check,passed,0,0.621,,.build/anigma-pipeline/runs/rig-notifications-bootstrap/20260505T202838Z-7ffc6714/logs/atlas-check.stdout.log,.build/anigma-pipeline/runs/rig-notifications-bootstrap/20260505T202838Z-7ffc6714/logs/atlas-check.stderr.log,.build/anigma-pipeline/runs/rig-notifications-bootstrap/20260505T202838Z-7ffc6714/step-results/atlas-check.json
20260505T202838Z-7ffc6714,rig-notifications-bootstrap,local-fast,git-hygiene-status,python3 scripts/anigma_git_hygiene.py status,passed,0,0.461,,.build/anigma-pipeline/runs/rig-notifications-bootstrap/20260505T202838Z-7ffc6714/logs/git-hygiene-status.stdout.log,.build/anigma-pipeline/runs/rig-notifications-bootstrap/20260505T202838Z-7ffc6714/logs/git-hygiene-status.stderr.log,.build/anigma-pipeline/runs/rig-notifications-bootstrap/20260505T202838Z-7ffc6714/step-results/git-hygiene-status.json
20260505T202838Z-7ffc6714,rig-notifications-bootstrap,local-fast,py-compile,python3 -m py_compile scripts/anigma_pipeline.py scripts/anigma_validate_scope.py scripts/anigma_result_contract.py scripts/anigma_common/*.py,passed,0,0.051,,.build/anigma-pipeline/runs/rig-notifications-bootstrap/20260505T202838Z-7ffc6714/logs/py-compile.stdout.log,.build/anigma-pipeline/runs/rig-notifications-bootstrap/20260505T202838Z-7ffc6714/logs/py-compile.stderr.log,.build/anigma-pipeline/runs/rig-notifications-bootstrap/20260505T202838Z-7ffc6714/step-results/py-compile.json
20260505T202838Z-7ffc6714,rig-notifications-bootstrap,local-fast,task-brief-tests,python3 scripts/test_task_brief_generator.py,passed,0,0.276,,.build/anigma-pipeline/runs/rig-notifications-bootstrap/20260505T202838Z-7ffc6714/logs/task-brief-tests.stdout.log,.build/anigma-pipeline/runs/rig-notifications-bootstrap/20260505T202838Z-7ffc6714/logs/task-brief-tests.stderr.log,.build/anigma-pipeline/runs/rig-notifications-bootstrap/20260505T202838Z-7ffc6714/step-results/task-brief-tests.json
20260505T202850Z-5ca88585,rig-cli-bootstrap,local-fast,atlas-check,python3 scripts/anigma_context_query.py --check,passed,0,0.703,,.build/anigma-pipeline/runs/rig-cli-bootstrap/20260505T202850Z-5ca88585/logs/atlas-check.stdout.log,.build/anigma-pipeline/runs/rig-cli-bootstrap/20260505T202850Z-5ca88585/logs/atlas-check.stderr.log,.build/anigma-pipeline/runs/rig-cli-bootstrap/20260505T202850Z-5ca88585/step-results/atlas-check.json
20260505T202850Z-5ca88585,rig-cli-bootstrap,local-fast,git-hygiene-status,python3 scripts/anigma_git_hygiene.py status,passed,0,0.489,,.build/anigma-pipeline/runs/rig-cli-bootstrap/20260505T202850Z-5ca88585/logs/git-hygiene-status.stdout.log,.build/anigma-pipeline/runs/rig-cli-bootstrap/20260505T202850Z-5ca88585/logs/git-hygiene-status.stderr.log,.build/anigma-pipeline/runs/rig-cli-bootstrap/20260505T202850Z-5ca88585/step-results/git-hygiene-status.json
20260505T202850Z-5ca88585,rig-cli-bootstrap,local-fast,py-compile,python3 -m py_compile scripts/anigma_pipeline.py scripts/anigma_validate_scope.py scripts/anigma_result_contract.py scripts/anigma_common/*.py,passed,0,0.059,,.build/anigma-pipeline/runs/rig-cli-bootstrap/20260505T202850Z-5ca88585/logs/py-compile.stdout.log,.build/anigma-pipeline/runs/rig-cli-bootstrap/20260505T202850Z-5ca88585/logs/py-compile.stderr.log,.build/anigma-pipeline/runs/rig-cli-bootstrap/20260505T202850Z-5ca88585/step-results/py-compile.json
20260505T202850Z-5ca88585,rig-cli-bootstrap,local-fast,task-brief-tests,python3 scripts/test_task_brief_generator.py,passed,0,0.337,,.build/anigma-pipeline/runs/rig-cli-bootstrap/20260505T202850Z-5ca88585/logs/task-brief-tests.stdout.log,.build/anigma-pipeline/runs/rig-cli-bootstrap/20260505T202850Z-5ca88585/logs/task-brief-tests.stderr.log,.build/anigma-pipeline/runs/rig-cli-bootstrap/20260505T202850Z-5ca88585/step-results/task-brief-tests.json
20260505T202856Z-b8ce99c7,rig-cli-bootstrap,local-fast,atlas-check,python3 scripts/anigma_context_query.py --check,passed,0,0.734,,.build/anigma-pipeline/runs/rig-cli-bootstrap/20260505T202856Z-b8ce99c7/logs/atlas-check.stdout.log,.build/anigma-pipeline/runs/rig-cli-bootstrap/20260505T202856Z-b8ce99c7/logs/atlas-check.stderr.log,.build/anigma-pipeline/runs/rig-cli-bootstrap/20260505T202856Z-b8ce99c7/step-results/atlas-check.json
20260505T202856Z-b8ce99c7,rig-cli-bootstrap,local-fast,git-hygiene-status,python3 scripts/anigma_git_hygiene.py status,passed,0,0.377,,.build/anigma-pipeline/runs/rig-cli-bootstrap/20260505T202856Z-b8ce99c7/logs/git-hygiene-status.stdout.log,.build/anigma-pipeline/runs/rig-cli-bootstrap/20260505T202856Z-b8ce99c7/logs/git-hygiene-status.stderr.log,.build/anigma-pipeline/runs/rig-cli-bootstrap/20260505T202856Z-b8ce99c7/step-results/git-hygiene-status.json
20260505T202856Z-b8ce99c7,rig-cli-bootstrap,local-fast,py-compile,python3 -m py_compile scripts/anigma_pipeline.py scripts/anigma_validate_scope.py scripts/anigma_result_contract.py scripts/anigma_common/*.py,passed,0,0.052,,.build/anigma-pipeline/runs/rig-cli-bootstrap/20260505T202856Z-b8ce99c7/logs/py-compile.stdout.log,.build/anigma-pipeline/runs/rig-cli-bootstrap/20260505T202856Z-b8ce99c7/logs/py-compile.stderr.log,.build/anigma-pipeline/runs/rig-cli-bootstrap/20260505T202856Z-b8ce99c7/step-results/py-compile.json
20260505T202856Z-b8ce99c7,rig-cli-bootstrap,local-fast,task-brief-tests,python3 scripts/test_task_brief_generator.py,passed,0,0.339,,.build/anigma-pipeline/runs/rig-cli-bootstrap/20260505T202856Z-b8ce99c7/logs/task-brief-tests.stdout.log,.build/anigma-pipeline/runs/rig-cli-bootstrap/20260505T202856Z-b8ce99c7/logs/task-brief-tests.stderr.log,.build/anigma-pipeline/runs/rig-cli-bootstrap/20260505T202856Z-b8ce99c7/step-results/task-brief-tests.json
20260505T212352Z-a30d5029,rig-session-review-bundle-bootstrap,local-fast,git-hygiene-status,python3 scripts/anigma_git_hygiene.py status,passed,0,0.465,,.build/anigma-pipeline/runs/rig-session-review-bundle-bootstrap/20260505T212352Z-a30d5029/logs/git-hygiene-status.stdout.log,.build/anigma-pipeline/runs/rig-session-review-bundle-bootstrap/20260505T212352Z-a30d5029/logs/git-hygiene-status.stderr.log,.build/anigma-pipeline/runs/rig-session-review-bundle-bootstrap/20260505T212352Z-a30d5029/step-results/git-hygiene-status.json
